name,lat,lng,website,shop_key,logo,visited,rating,Coffeeshop,Hotel,Bar,Food,Attraction,Shopping,McDonald's,Albert Heijn,Closed,Area,Picture Spot
216 Amstel,52.36523,4.90067,https://www.atlasobscura.com/places/amsterdams-house-with-the-blood-stains,,,n,,n,n,n,n,y,n,n,n,n,n,n
A Space Oddity,52.37332199,4.882708092,https://spaceoddity.nl,,,n,,n,n,n,n,n,y,n,n,n,n,n
A-Fusion,52.37325,4.90024,https://a-fusion.nl,,,n,,n,n,n,y,n,n,n,n,n,n,n
Abraham Kef,52.38694,4.90775,https://www.abrahamkef.nl/pages/tasting-room,,,n,,n,n,n,y,n,n,n,n,n,n,n
Akkerman Fountain Pen Shop,52.36936,4.89322,https://www.pwakkerman.com,,,n,,n,n,n,n,n,y,n,n,n,n,n
Albert Cuyp Markt,52.35523,4.89166,https://albertcuyp-markt.amsterdam/?lang=en,,,n,,n,n,n,y,n,n,n,n,n,n,n
Albert Heijn 1,52.37831194,4.895396528,https://www.ah.nl,,ah.svg,n,,n,n,n,n,n,n,n,y,n,n,n
Albert Heijn 10,52.36265713,4.874607847,https://www.ah.nl,,ah.svg,n,,n,n,n,n,n,n,n,y,n,n,n
Albert Heijn 11,52.35713161,4.879516329,https://www.ah.nl,,ah.svg,n,,n,n,n,n,n,n,n,y,n,n,n
Albert Heijn 12,52.35966672,4.891527266,https://www.ah.nl,,ah.svg,n,,n,n,n,n,n,n,n,y,n,n,n
Albert Heijn 13,52.35767133,4.897097674,https://www.ah.nl,,ah.svg,n,,n,n,n,n,n,n,n,y,n,n,n
Albert Heijn 14,52.35579785,4.911118144,https://www.ah.nl,,ah.svg,n,,n,n,n,n,n,n,n,y,n,n,n
Albert Heijn 15,52.36219021,4.912416039,https://www.ah.nl,,ah.svg,n,,n,n,n,n,n,n,n,y,n,n,n
Albert Heijn 16,52.36667498,4.87043694,https://www.ah.nl,,ah.svg,n,,n,n,n,n,n,n,n,y,n,n,n
Albert Heijn 17,52.37088162,4.870589122,https://www.ah.nl,,ah.svg,n,,n,n,n,n,n,n,n,y,n,n,n
Albert Heijn 18,52.36988436,4.881713685,https://www.ah.nl,,ah.svg,n,,n,n,n,n,n,n,n,y,n,n,n
Albert Heijn 19,52.36873956,4.903383216,https://www.ah.nl,,ah.svg,n,,n,n,n,n,n,n,n,y,n,n,n
Albert Heijn 2,52.37602275,4.906666844,https://www.ah.nl,,ah.svg,n,,n,n,n,n,n,n,n,y,n,n,n
Albert Heijn 3,52.37393538,4.883935919,https://www.ah.nl,,ah.svg,n,,n,n,n,n,n,n,n,y,n,n,n
Albert Heijn 4,52.37285745,4.890589624,https://www.ah.nl,,ah.svg,n,,n,n,n,n,n,n,n,y,n,n,n
Albert Heijn 5,52.37266176,4.899896549,https://www.ah.nl,,ah.svg,n,,n,n,n,n,n,n,n,y,n,n,n
Albert Heijn 6,52.36989054,4.881701214,https://www.ah.nl,,ah.svg,n,,n,n,n,n,n,n,n,y,n,n,n
Albert Heijn 7,52.36699716,4.888991506,https://www.ah.nl,,ah.svg,n,,n,n,n,n,n,n,n,y,n,n,n
Albert Heijn 8,52.36670999,4.894343649,https://www.ah.nl,,ah.svg,n,,n,n,n,n,n,n,n,y,n,n,n
Albert Heijn 9,52.3634474,4.88199332,https://www.ah.nl,,ah.svg,n,,n,n,n,n,n,n,n,y,n,n,n
Amstelpark,52.33005783,4.893986035,https://en.wikipedia.org/wiki/Amstelpark,,,n,,n,n,n,n,y,n,n,n,n,n,n
Anne Frank House,52.37524,4.88384,https://www.annefrank.org/nl/,,,n,,n,n,n,n,y,n,n,n,n,n,n
ARTIS Zoo,52.36613,4.91652,https://www.artis.nl/en,,,n,,n,n,n,n,y,n,n,n,n,n,n
Barney's Farm,52.38064035,4.891070159,https://www.barneysfarm.co.uk,,,n,,n,n,y,n,n,n,n,n,n,n,n
Barney's Uptown,52.38069214,4.890627087,https://www.barneysamsterdam.com,,,n,,n,n,y,n,n,n,n,n,n,n,n
Beeldverhaal,52.36977725,4.870309562,https://beeldverhaalamsterdam.nl,,,n,,n,n,n,n,n,y,n,n,n,n,n
Big Shots Bar,52.3745611,4.89697109,https://www.bigshotsamsterdam.com,,,n,,n,n,y,n,n,n,n,n,n,n,n
Big Shots Plug,52.37497679,4.892036453,https://www.bigshotsamsterdam.com,,,n,,n,n,y,n,n,n,n,n,n,n,n
Bilderberg,52.3513,4.87353,https://www.bilderberg.nl/en/amsterdam/garden-hotel/,,,n,,n,y,n,n,n,n,n,n,n,n,n
Bills Burgers,52.35298359,4.85593404,https://billsburger.nl,,,n,,n,n,n,y,n,n,n,n,n,n,n
Blast Galaxy Arcade,52.39031458,4.853845148,https://blastgalaxy.nl,,,n,,n,n,n,n,y,n,n,n,n,n,n
Boeuf,52.35628176,4.888564778,https://www.boeufamsterdam.nl,,,n,,n,n,n,y,n,n,n,n,n,n,n
Bonnie,52.35085956,4.856559211,https://www.instagram.com/bonnie.amsterdam/?hl=en,,,n,,n,n,n,y,n,n,n,n,n,n,n
Brouwerij 't IJ,52.36666,4.92652,https://www.brouwerijhetij.nl,,,n,,n,n,n,n,y,n ,n,n,n,n,n
Burger Bistro,52.37261,4.89106,https://burgerbistro.nl/?gad_source=6&gad_campaignid=21518129946&gbraid=0AAAAA93zeRJXb6ovEKmz15X1u_38gOt5K&gclid=Cj0KCQjwnJfEBhCzARIsAIMtfKJcewxlANmupbwcuikWSrNh3-f8iDzmBphZUdI0ewTAUrH0gF4cs98aApsmEALw_wcB,,,n,,n,n,n,y,n,n,n,n,n,n,n
CafŽ Analog,52.37326,4.88789,https://www.cafe-analog.nl,,,n,,n,n,n,n,n,y,n,n,n,n,n
CafŽ Bar Amsterdam,52.37827741,4.895409716,https://cafebaramsterdam.nl,,,n,,n,n,y,n,n,n,n,n,n,n,n
CafŽ Belgique,52.37428027,4.893082809,https://www.cafebelgique.nl,,,n,,n,n,y,n,n,n,n,n,n,n,n
CafŽ Havelaar,52.36794583,4.890868023,http://www.cafehavelaar.com,,,n,,n,n,y,n,n,n,n,n,n,n,n
CafŽ Hegeraad,52.37936,4.88622,https://www.cafehegeraad.eu,,,n,,n,n,n,y,n,n,n,n,n,n,n
Cafe Piazza,52.37195,4.89998,https://cafepiazza.nl/reservations/,,,n,,n,n,n,y,n,n,n,n,n,n,n
Chun,52.37041,4.88393,https://chun-amsterdam.com,,,n,,n,n,n,y,n,n,n,n,n,n,n
Coffeeshopamsterdam CafŽ,52.37913164,4.894014815,https://coffeeshopamsterdamcafe.com,,,n,,n,n,y,n,n,n,n,n,n,n,n
Craft Coffee & Pastry,52.35609,4.89351,https://www.craft-amsterdam.nl,,,n,,n,n,n,y,n,n,n,n,n,n,n
Crafted Stories,52.3794329,4.886567898,https://www.craftedstories.nl/,,,,,n,n,n,n,n,y,n,n,n,n,n
Croque Madame,52.37392,4.89704,http://croquemadame.nl/,,,n,,n,n,n,y,n,n,n,n,n,n,n
Davide's Air BnB,52.36808,4.89077,https://www.airbnb.co.uk/rooms/20101951?source_impression_id=p3_1763296336_P3TbbltLHBoImfF2,,,n,,n,y,n,n,n,n,n,n,n,n,n
De Glutenvrije Winkel,52.35570429,4.925537259,https://glutenvrijewinkelamsterdam.nl,,,n,,n,n,n,n,n,y,n,n,n,n,n
De Italiaan,52.36556,4.87637,https://www.deitaliaan.com/?ft-shop=takeaway,,,n,,n,n,n,y,n,n,n,n,n,n,n
de Poezenboot,52.3782,4.89305,https://depoezenboot.nl/en,,,n,,n,n,n,n,y,n,n,n,n,n,n
de Posthumus Winkel,52.37064,4.89074,https://www.posthumuswinkel.nl,,,n,,n,n,n,n,n,y,n,n,n,n,n
Delicatessen Koopman,52.36946,4.87987,https://koopmandelicatessen.nl,,,n,,n,n,n,y,n,n,n,n,n,n,n
Door 74,52.36601,4.89361,https://www.finddoor74.com,,,n,,n,n,y,n,n,n,n,n,n,n,n
Downtown,52.36650735,4.890282371,https://www.coffeeshopdirect.com/Downtown.html,,,n,,n,n,y,n,n,n,n,n,n,n,n
Drink n Sink,52.37529155,4.898003575,https://drinknsink.com,,,n,,n,n,y,n,n,n,n,n,n,n,n
Duck Store,52.37007,4.89245,https://amsterdamduckstore.com,,,n,,n,n,n,n,n,y,n,n,n,n,n
Duck Store,52.37172,4.89619,https://amsterdamduckstore.com,,,n,,n,n,n,n,n,y,n,n,n,n,n
Duck Store (unsure),52.37483,4.88829,https://amsterdamduckstore.com,,,n,,n,n,n,n,n,y,n,n,n,n,n
Excalibur,52.37401378,4.899436184,https://www.excaliburcafe.nl,,,n,,n,n,y,n,n,n,n,n,n,n,n
Fabel Friet Nieuwendijk,52.37869,4.89488,https://fabelfriet.nl/?lang=en,,,n,,n,n,n,y,n,n,n,n,n,n,n
Fabel Friet Runstraat,52.36887,4.88406,https://fabelfriet.nl/?lang=en,,,n,,n,n,n,y,n,n,n,n,n,n,n
Fansasyshop Chimera,52.37226,4.89472,https://www.fantasyshopchimera.com/?utm_source=google&utm_medium=wix_google_business_profile&utm_campaign=9721331175039072147,,,n,,n,n,n,n,n,y,n,n,n,n,n
Febo 1,52.37790269,4.89586888,https://www.febo.nl,,febo.png,n,,n,n,n,y,n,n,n,n,n,n,n
Febo 10,52.37369946,4.892694464,https://www.febo.nl,,febo.png,n,,n,n,n,y,n,n,n,n,n,n,n
Febo 2,52.37463055,4.899773878,https://www.febo.nl,,febo.png,n,,n,n,n,y,n,n,n,n,n,n,n
Febo 3,52.36473653,4.883781002,https://www.febo.nl,,febo.png,n,,n,n,n,y,n,n,n,n,n,n,n
Febo 4,52.37279818,4.878621597,https://www.febo.nl,,febo.png,n,,n,n,n,y,n,n,n,n,n,n,n
Febo 5,52.3744528,4.873093723,https://www.febo.nl,,febo.png,n,,n,n,n,y,n,n,n,n,n,n,n
Febo 6,52.36624227,4.868307087,https://www.febo.nl,,febo.png,n,,n,n,n,y,n,n,n,n,n,n,n
Febo 7,52.35388765,4.890803334,https://www.febo.nl,,febo.png,n,,n,n,n,y,n,n,n,n,n,n,n
Febo 8,52.35563065,4.900614188,https://www.febo.nl,,febo.png,n,,n,n,n,y,n,n,n,n,n,n,n
Febo 9,52.36642736,4.895215486,https://www.febo.nl,,febo.png,n,,n,n,n,y,n,n,n,n,n,n,n
Flower Market,52.36671,4.89293,https://www.amsterdam.info/shopping/flowermarket/,,,n,,n,n,n,n,y,n,n,n,n,n,n
Food Hallen,52.36634,4.86722,https://www.foodhallen.nl/en,,,n,,n,n,n,y,n,n,n,n,n,n,n
Freddy Fryday,52.37606823,4.892047379,https://www.freddyfryday.nl,,,n,,n,n,n,y,n,n,n,n,n,n,n
Glow mini-golf,52.37117,4.91171,https://www.glowminigolf.amsterdam,,,n,,n,n,n,n,y,n,n,n,n,n,n
Goatfarm Ridammerhoeve,52.31303287,4.824455026,https://www.geitenboerderij.nl/en,,,n,,n,n,n,n,y,n,n,n,n,n,n
Hans Egstorf Bakery,52.37023,4.88898,https://www.hansegstorf.com/nl,,,n,,n,n,n,y,n,n,n,n,n,n,n
Henk Comics,52.37398555,4.900321973,https://www.comics.nl,,,n,,n,n,n,n,n,y,n,n,n,n,n
Hill Street Blues,52.37541609,4.898231804,https://www.hillstreetblues.com,,,n,,n,n,y,n,n,n,n,n,n,n,n
Hortus Botanicus,52.36714417,4.907688764,https://www.dehortus.nl/en/,,,n,,n,n,n,n,y,n,n,n,n,n,n
Hotel City Garden,52.3591,4.87638,https://hotelcitygardenamsterdam.com/,,,n,,n,y,n,n,n,n,n,n,n,n,n
Hotel La Belle Vue,52.37344,4.88647,http://www.hotel-labellevue.com,,,n,,n,y,n,n,n,n,n,n,n,n,n
Kashmir Lounge,52.36404,4.86324,https://www.kashmirlounge.com,,,n,,n,n,y,n,n,n,n,n,n,n,n
Kookboekwinkel,52.38356394,4.885540659,https://www.kookboekhandel.com/?srsltid=AfmBOorTN34PBxcjQ8t4Lf49p613oKOqP6RfRmuT7P7zKVXAZ8_tPmmi,,,n,,n,n,n,n,n,y,n,n,n,n,n
Lambiek Comix,52.37237004,4.901930871,https://www.lambiek.net/?lan=dutch)-,,,n,,n,n,n,n,n,y,n,n,n,n,n
Lanskroon Bakery,52.36879,4.88813,https://www.lanskroon.nl,,,n,,n,n,n,y,n,n,n,n,n,n,n
Le Smash,52.37437343,4.900589502,https://www.le-smash.com,,,n,,n,n,n,y,n,n,n,n,n,n,n
LikeStationery,52.37793719,4.886738114,https://www.likestationery.com,,,,,n,n,n,n,n,y,n,n,n,n,n
Lost in Amsterdam,52.37848,4.89518,https://lostinamsterdam.com,,,n,,n,n,y,n,n,n,n,n,n,n,n
Mannekenpis Friet,52.37575,4.89621,https://mannekenpis.nl/en,,,n,,n,n,n,y,n,n,n,n,n,n,n
McDonald's 1,52.37748629,4.896395168,https://www.mcdonalds.com/nl/nl-nl.html,,mcdonalds-logo.png,n,,n,n,n,n,n,n,y,n,n,n,n
McDonald's 10,52.36288173,4.927789523,https://www.mcdonalds.com/nl/nl-nl.html,,mcdonalds-logo.png,n,,n,n,n,n,n,n,y,n,n,n,n
McDonald's 11,52.34607295,4.920148016,https://www.mcdonalds.com/nl/nl-nl.html,,mcdonalds-logo.png,y,5,n,n,n,n,n,n,y,n,n,n,n
McDonald's 12,52.31120115,4.760611939,https://www.mcdonalds.com/nl/nl-nl.html,,mcdonalds-logo.png,y,5,n,n,n,n,n,n,y,n,n,n,n
McDonald's 2,52.37690829,4.897633171,https://www.mcdonalds.com/nl/nl-nl.html,,mcdonalds-logo.png,n,,n,n,n,n,n,n,y,n,n,n,n
McDonald's 3,52.37377419,4.893792446,https://www.mcdonalds.com/nl/nl-nl.html,,mcdonalds-logo.png,n,,n,n,n,n,n,n,y,n,n,n,n
McDonald's 4,52.37400947,4.892786019,https://www.mcdonalds.com/nl/nl-nl.html,,mcdonalds-logo.png,y,5,n,n,n,n,n,n,y,n,n,n,n
McDonald's 5,52.37120461,4.892001486,https://www.mcdonalds.com/nl/nl-nl.html,,mcdonalds-logo.png,n,,n,n,n,n,n,n,y,n,n,n,n
McDonald's 6,52.36671806,4.893473051,https://www.mcdonalds.com/nl/nl-nl.html,,mcdonalds-logo.png,n,,n,n,n,n,n,n,y,n,n,n,n
McDonald's 7,52.36465261,4.883811704,https://www.mcdonalds.com/nl/nl-nl.html,,mcdonalds-logo.png,n,,n,n,n,n,n,n,y,n,n,n,n
McDonald's 8,52.3660258,4.866945458,https://www.mcdonalds.com/nl/nl-nl.html,,mcdonalds-logo.png,n,,n,n,n,n,n,n,y,n,n,n,n
McDonald's 9,52.3552198,4.889961818,https://www.mcdonalds.com/nl/nl-nl.html,,mcdonalds-logo.png,n,,n,n,n,n,n,n,y,n,n,n,n
Mellow Yellow,52.36104065,4.891463474,https://en.wikipedia.org/wiki/Mellow_Yellow_(coffeeshop),,Mellow_Yellow.jpg,n,,n,n,n,n,y,n,n,n,n,n,n
Miffy Shop,52.36299,4.88831,https://www.dewinkelvannijntje.nl/en/,,,n,,n,n,n,n,n,y,n,n,n,n,n
Misc Store,52.36941,4.8803,https://misc-store.com,,,n,,n,n,n,n,n,y,n,n,n,n,n
Moco Museum,52.3588,4.88213,https://www.mocomuseum.com/amsterdam/?bg_source=ga&bg_campaign=10280506756&bg_kw=kwd-318545806002-mi--pi--ppi-&bg_source_id=681555419973&gad_source=1&gad_campaignid=10280506756&gbraid=0AAAAADcgcgnmCi6ohH8GOM1COE2N5wdYm&gclid=Cj0KCQiA5uDIBhDAARIsAOxj0CGqSgmPBg5I5-LgapA-qw_gH4X4gp9isfnDTRKDveXD9k1ln6s6nn4aAq8YEALw_wcB,,,n,,n,n,n,n,y,n,n,n,n,n,n
Moleskine Store,52.37033,4.89148,http://www.moleskine.com/,,,n,,n,n,n,n,n,y,n,n,n,n,n
Montelbaanstoren,52.37203443,4.905577234,https://en.wikipedia.org/wiki/Montelbaanstoren,,,n,,n,n,n,n,y,n,n,n,n,n,n
Mouse Mansion,52.36714239,4.892764263,https://www.themousemansion.com/pages/visit-the-mouse-mansion?srsltid=AfmBOop6KI2f3Z-D0kv0yF11CCsxYHC1GsNGIBAtXTvE1C2JJmcfqp0c,,,n,,n,n,n,n,y,n,n,n,n,n,n
Munttoren,52.36703498,4.893298953,https://en.wikipedia.org/wiki/Munttoren,,,n,,n,n,n,n,y,n,n,n,n,n,n
National Maritime Museum,52.37139502,4.915102764,https://www.hetscheepvaartmuseum.com,,,n,,n,n,n,n,y,n,n,n,n,n,n
Nicolassbasiliek,52.37667,4.90083,"https://en.wikipedia.org/wiki/Basilica_of_Saint_Nicholas,_Amsterdam",,,n,,n,n,n,n,y,n,n,n,n,n,n
Nieuwe Kerk,52.37374,4.89097,https://www.nieuwekerk.nl,,,n,,n,n,n,n,y,n,n,n,n,n,n
Ons' Lieve Heer op Solder,52.37512,4.89949,https://opsolder.nl/en/museum-our-lord-in-the-attic/,,,n,,n,n,n,n,y,n,n,n,n,n,n
Oude Kerk,52.37433,4.89739,https://oudekerk.nl,,,n,,n,n,n,n,y,n,n,n,n,n,n
Oudemanhuispoort,52.36924,4.89658,https://www.amsterdamsights.com/shopping/oudemanhuispoort.html,,,n,,n,n,n,n,n,y,n,n,n,n,n
Pannenkoekenboot,52.40036779,4.891882345,https://amsterdam.pannenkoekenboot.nl/en/,,,,,n,n,n,n,y,n,n,n,n,n,n
Pat's Poffertjes,52.37468,4.8886,https://www.google.com/search?client=safari&rls=en&q=Pat%27s+Poffertjes&ie=UTF-8&oe=UTF-8,,,n,,n,n,n,y,n,n,n,n,n,n,n
Piqniq,52.38033,4.88608,https://piqniq.nl,,,n,,n,n,n,y,n,n,n,n,n,n,n
Prinseneiland,52.38573,4.8877,https://amsterdamian.com/see/amsterdam/prinseneiland/,,,n,,n,n,n,n,y,n,n,n,n,n,n
Rembrandt's House,52.36946,4.90133,https://www.rembrandthuis.nl/en/,,,n,,n,n,n,n,y,n,n,n,n,n,n
Rembrandtplein,52.366,4.89651,https://en.wikipedia.org/wiki/Rembrandtplein,,,n,,n,n,n,n,y,n,n,n,n,n,n
Rijksmuseum,52.35972,4.885,https://www.rijksmuseum.nl/en,,,n,,n,n,n,n,y,n,n,n,n,n,n
Rose Vanilla,52.3636,4.87463,https://www.roseandvanilla.nl/,,,n,,n,n,n,y,n,n,n,n,n,n,n
Royal Palace of Amsterdam,52.37317,4.89202,https://www.paleisamsterdam.nl/en/,,,n,,n,n,n,n,y,n,n,n,n,n,n
Rudi's Original Stroopwafels,52.35586,4.89498,https://originalstroopwafels.com,,,n,,n,n,n,y,n,n,n,n,n,n,n
San Diego Resturant,52.37086,4.89929,https://sandiego-restaurant.nl/wp-content/uploads/2025/06/san-diego-dinner-2024-PDF_compressed.pdf,,,n,,n,n,n,y,n,n,n,n,n,n,n
San Serriffe,52.37362487,4.897268366,https://san-serriffe.com,,,n,,n,n,n,n,n,y,n,n,n,n,n
Skinny Bridge,52.36359,4.90237,https://en.wikipedia.org/wiki/Magere_Brug,,,n,,n,n,n,n,y,n,n,n,n,n,n
Stroopperie,52.37586,4.89634,https://www.instagram.com/stroopperie/?hl=en,,,n,,n,n,n,y,n,n,n,n,n,n,n
The Begijnhof,52.36942,4.89049,https://www.iamsterdam.com/en/whats-on/calendar/attractions-and-sights/sights/begijnhof,,,n,,n,n,n,n,y,n,n,n,n,n,n
The Big Apple Resturant,52.36661,4.88984,https://thebigapple.nl/en/,,,n,,n,n,n,y,n,n,n,n,n,n,n
The Black Dog,52.37138971,4.889377163,https://www.theblackdog.nl,,,n,,n,n,y,n,n,n,n,n,n,n,n
The Flying Dutchman,52.37781434,4.896311204,https://www.theflyingdutchmanbar.nl/?lang=en,,,n,,n,n,y,n,n,n,n,n,n,n,n
The Grasshopper,52.37546614,4.897306758,https://thegrasshopper.com,,,n,,n,n,y,n,n,n,n,n,n,n,n
The Greasy Spoon,52.36813533,4.875104677,https://www.instagram.com/stories/the.greasy.spoon/,,greasyspoon.jpg,n,,n,n,n,y,n,n,n,n,n,n,n
The Headshop,52.3709,4.89895,https://www.headshop.nl,,,n,,n,n,n,n,n,y,n,n,n,n,n
The Old Church Bar,52.37401243,4.897497654,https://www.instagram.com/theoldchurchbaramsterdam/?hl=en,,,n,,n,n,y,n,n,n,n,n,n,n,n
The Smoking Bull,52.37501,4.89863,http://www.smokingbull.nl,,,n,,n,n,y,n,n,n,n,n,n,n,n
This is Holland,52.38420133,4.902089595,https://www.musement.com/uk/amsterdam/this-is-holland-flight-experience-35752/?lid=58700008219932624&ds_e_adid&ds_e_matchtype&ds_e_device=c&ds_e_network=x&ds_url_v=2&idengine=1323188743&idcampaign=19425198420&idadgroup&nmkeyword&idkeyword&gclsrc=aw.ds&gad_source=1&gad_campaignid=19433037068&gbraid=0AAAAADqaxSdQH_iKg_LmCg2ZVg7v4cze_&gclid=CjwKCAjwrNrQBhBjEiwAoR4VO7XdcaojmZ3uVc3ff15obrfg8JLZ3RbMuyVFCRcCS6BiT8snmNZKMxoC3VwQAvD_BwE,,,n,,n,n,n,n,y,n,n,n,n,n,n
Trompettersteeg,52.3737,4.89785,https://www.atlasobscura.com/places/trompettersteeg,,,n,,n,n,n,n,y,n,n,n,n,n,n
Van der Heijde Kantoorvakhandel,52.38256248,4.887348612,https://www.vanderheijde.nl,,,,,n,n,n,n,n,y,n,n,n,n,n
Van Gogh Museum,52.35809,4.88117,https://www.vangoghmuseum.nl/en,,,n,,n,n,n,n,y,n,n,n,n,n,n
Van Stapele,52.37197546,4.893250444,https://vanstapele.com/en/home/,,,n,,n,n,n,y,n,n,n,n,n,n,n
Van Wonderen Stroopwafels,52.36796,4.89164,https://vanwonderen.co/?srsltid=AfmBOooMqUbjFrjhDYGeIsFVHYPetWoJV4JUXygWsADEP7pqNsy3KPPi,,,n,,n,n,n,y,n,n,n,n,n,n,n
Vlaams Friteshuis Vleminckx,52.36788,4.89096,https://vleminckxdesausmeester.nl,,,n,,n,n,n,y,n,n,n,n,n,n,n
Vliger,52.36698945,4.895321787,http://www.vliegerpapier.nl/,,,n,,n,n,n,n,n,y,n,n,n,n,n
Vondelkerk,52.36130667,4.873712408,https://en.wikipedia.org/wiki/Vondelkerk,,,n,,n,n,n,n,y,n,n,n,n,n,n
Vondelpark,52.36040251,4.875429022,https://en.wikipedia.org/wiki/Vondelpark,,,n,,n,n,n,n,y,n,n,n,n,n,n
Walking Tour,52.37265,4.89362,https://freewalkingtoursamsterdam.com/dark-side-tour/,,,n,,n,n,n,n,y,n,n,n,n,n,n
Westerkerk,52.37454,4.88343,https://en.wikipedia.org/wiki/Westerkerk,,,n,,n,n,n,n,y,n,n,n,n,n,n
Westerpark,52.38710542,4.872196546,https://en.wikipedia.org/wiki/Westerpark_(park),,,n,,n,n,n,n,y,n,n,n,n,n,n
Winkel 43,52.37906,4.88634,https://winkel43.nl/en/,,,n,,n,n,n,y,n,n,n,n,n,n,n
1e Hulp,52.37168,4.87595,https://www.coffeeshopmenus.org/cs-1e-hulp.html,cs-1e-hulp,1e_hulp.png,y,5,y,n,n,n,n,n,n,n,n,n,n
420 Cafe (de Kuil),52.37597222,4.89588642,https://www.coffeeshopmenus.org/cs-420-cafe.html,cs-420-cafe,420_cafe_de_kuil.png,n,,y,n,n,n,n,n,n,n,n,n,n
7th Heaven,52.38147,4.88623,https://www.coffeeshopmenus.org/cs-7thheaven.html,cs-7thheaven,7th_heaven.png,n,,y,n,n,n,n,n,n,n,n,n,n
Abraxas,52.37204,4.89125,https://www.coffeeshopmenus.org/cs-abraxas.html,cs-abraxas,abraxas.png,y,5,y,n,n,n,n,n,n,n,n,n,n
African Blackstar,52.37377,4.88255,https://www.coffeeshopmenus.org/cs-black-star.html,cs-black-star,blackstar.png,n,,y,n,n,n,n,n,n,n,n,n,n
Aktama 2,52.36963,4.85235,https://www.coffeeshopmenus.org/cs-aktama2.html,cs-aktama2,aktama_2.png,n,,y,n,n,n,n,n,n,n,n,n,n
Amnesia,52.37561,4.88902,https://www.coffeeshopmenus.org/cs-amnesia.html,cs-amnesia,amnesia.png,n,,y,n,n,n,n,n,n,n,n,n,n
Atlas,52.3982,4.94153,https://www.coffeeshopmenus.org/cs-atlas-ams.html,cs-atlas-ams,atlas.png,n,,y,n,n,n,n,n,n,n,n,n,n
Babylon,52.37478,4.8965,https://www.coffeeshopmenus.org/cs-babylon.html,cs-babylon,babylon.png,n,,y,n,n,n,n,n,n,n,n,n,n
Bagheera,52.37004,4.89747,https://www.coffeeshopmenus.org/cs-bagheera.html,cs-bagheera,bagheera.png,y,4,y,n,n,n,n,n,n,n,n,n,n
Balboa,52.36684,4.8958,https://www.coffeeshopmenus.org/cs-balboa-family.html,cs-balboa-family,balboa_family.png,n,,y,n,n,n,n,n,n,n,n,n,n
Balou,52.36676,4.89581,https://www.coffeeshopmenus.org/cs-balou.html,cs-balou,balou.png,y,4,y,n,n,n,n,n,n,n,n,n,n
Barney's,52.3806,4.89101,https://www.coffeeshopmenus.org/cs-barneys.html,cs-barneys,barneys_farm.png,y,4,y,n,n,n,n,n,n,n,n,n,n
Barraka,52.37428,4.8926,https://www.coffeeshopmenus.org/cs-barraka.html,cs-barraka,barraka.png,n,,y,n,n,n,n,n,n,n,n,n,n
Bas Joe,52.37,4.89749,https://www.coffeeshopmenus.org/cs-basjoe.html,cs-basjoe,basjoe.png,y,3,y,n,n,n,n,n,n,n,n,n,n
Best Friends,52.36509,4.93965,https://www.coffeeshopmenus.org/cs-best-friends-oost.html,cs-best-friends-oost,best_friends_centrum.png,n,,y,n,n,n,n,n,n,n,n,n,n
Bij,52.36211,4.85548,https://www.coffeeshopmenus.org/cs-bij.html,cs-bij,bij.png,n,,y,n,n,n,n,n,n,n,n,n,n
Blue Lagoon,52.36059,4.86628,https://www.coffeeshopmenus.org/cs-blue-lagoon.html,cs-blue-lagoon,blue_lagoon.png,n,,y,n,n,n,n,n,n,n,n,n,n
Blue Sea,52.35458,4.90157,https://www.coffeeshopmenus.org/cs-blue-sea.html,cs-blue-sea,blue_sea.png,n,,y,n,n,n,n,n,n,n,n,n,n
Bluebird,52.36996,4.90082,https://www.coffeeshopmenus.org/cs-bluebird.html,cs-bluebird,bluebird.png,y,5,y,n,n,n,n,n,n,n,n,n,n
Boerejongens Centrum,52.36488,4.89802,https://www.coffeeshopmenus.org/cs-boerejongens-cent.html,cs-boerejongens-cent,boerejongens_centrum.png,y,3,y,n,n,n,n,n,n,n,n,n,n
Boerejongens Sloterdijk,52.39139679,4.829649657,https://www.coffeeshopmenus.org/cs-boerejongens-slot.html,cs-boerejongens-slot,boerejongens_sloterdijk.png,n,,y,n,n,n,n,n,n,n,n,n,n
Boerejongens West,52.36234,4.85755,https://www.coffeeshopmenus.org/cs-boerejongens-west.html,cs-boerejongens-west,boerejongens_centrum.png,y,3,y,n,n,n,n,n,n,n,n,n,n
Bronx,52.37911,4.87954,https://www.coffeeshopmenus.org/cs-bronx.html,cs-bronx,bronx.png,n,,y,n,n,n,n,n,n,n,n,n,n
Bulldog 90,52.37366,4.89776,https://www.coffeeshopmenus.org/cs-bulldog-no-90.html,cs-bulldog-no-90,bulldog_no_90.png,y,1,y,n,n,n,n,n,n,n,n,n,n
Bulldog Energy,52.3725,4.89634,https://www.coffeeshopmenus.org/cs-bulldog-energy.html,cs-bulldog-energy,bulldog_energy.png,n,,y,n,n,n,n,n,n,n,n,n,n
Bulldog Palace,52.364,4.88315,https://www.coffeeshopmenus.org/cs-bulldog-palace.html,cs-bulldog-palace,bulldog_palace.png,n,,y,n,n,n,n,n,n,n,n,n,n
Bulldog Rock Shop,52.37906,4.89393,https://www.coffeeshopmenus.org/cs-bulldog-rockshop.html,cs-bulldog-rockshop,bulldog_rockshop.png,n,,y,n,n,n,n,n,n,n,n,n,n
Bullwackie,52.35206132,4.84752243,https://www.coffeeshopmenus.org/cs-bullwackie.html,cs-bullwackie,bullwackie.png,n,,y,n,n,n,n,n,n,n,n,n,n
Carmona,52.35565,4.9011,https://www.coffeeshopmenus.org/cs-carmona.html,cs-carmona,carmona.png,n,,y,n,n,n,n,n,n,n,n,n,n
Catch 33,52.38262,4.8799,https://www.coffeeshopmenus.org/cs-catch-33.html,cs-catch-33,catch_33.png,n,,y,n,n,n,n,n,n,n,n,n,n
Central,52.37677344,4.902097395,https://www.coffeeshopmenus.org/cs-central.html,cs-central,central.png,n,,y,n,n,n,n,n,n,n,n,n,n
Chapiteau,52.38244,4.87305,https://www.coffeeshopmenus.org/cs-chapiteau.html,cs-chapiteau,chapiteau.png,n,,y,n,n,n,n,n,n,n,n,n,n
Cheech & Chong's,52.37126,4.87142,https://www.coffeeshopmenus.org/cs-cheech-chongs-2.html,cs-cheech-chongs-2,cheech_and_chongs_2.png,n,,y,n,n,n,n,n,n,n,n,n,n
City Hall,52.37154764,4.895761835,https://www.coffeeshopmenus.org/cs-city-hall.html,cs-city-hall,cityhall.png,n,,y,n,n,n,n,n,n,n,n,n,n
Club Media,52.35576,4.89193,https://www.coffeeshopmenus.org/cs-media.html,cs-media,club_media.png,n,,y,n,n,n,n,n,n,n,n,n,n
CoffeeshopAmsterdam,52.380052,4.892882061,https://www.coffeeshopmenus.org/cs-coffeeshop-amsterdam.html,cs-coffeeshop-amsterdam,coffeeshopamsterdam.png,n,,y,n,n,n,n,n,n,n,n,n,n
Cookies,52.38026,4.89213,https://www.coffeeshopmenus.org/cs-greenhouse-cookies.html,cs-greenhouse-cookies,greenhouse_cookies.png,y,4,y,n,n,n,n,n,n,n,n,n,n
Crash Light,52.35487,4.92227,https://www.coffeeshopmenus.org/cs-crash-light.html,cs-crash-light,crashlight.png,n,,y,n,n,n,n,n,n,n,n,n,n
Crush,52.36576,4.88006,https://www.coffeeshopmenus.org/cs-crush.html,cs-crush,crush.png,n,,y,n,n,n,n,n,n,n,n,n,n
D&L,52.3572,4.90134,https://www.coffeeshopmenus.org/cs-d-l.html,cs-d-l,d_and_l.png,n,,y,n,n,n,n,n,n,n,n,n,n
de Bommel,52.3689,4.85363,https://www.coffeeshopmenus.org/cs-bommel.html,cs-bommel,de_bommel.png,n,,y,n,n,n,n,n,n,n,n,n,n
De Dampkring,52.36773,4.89042,https://www.coffeeshopmenus.org/cs-dampkring.html,cs-dampkring,dampkring.png,y,5,y,n,n,n,n,n,n,n,n,n,n
De Kade,52.3434,4.86436,https://www.coffeeshopmenus.org/cs-kade.html,cs-kade,de_kade.png,y,4,y,n,n,n,n,n,n,n,n,n,n
De Kroon,52.37596,4.89596,https://www.coffeeshopmenus.org/cs-kroon.html,cs-kroon,de_kroon.png,n,,y,n,n,n,n,n,n,n,n,n,n
de Overkant,52.36737,4.90661,https://www.coffeeshopmenus.org/cs-overkant-hortus.html,cs-overkant-hortus,de_overkant_hortus.png,n,,y,n,n,n,n,n,n,n,n,n,n
De Prijs,52.35798,4.85409,https://www.coffeeshopmenus.org/cs-prijs.html,cs-prijs,de_prijs.png,n,,y,n,n,n,n,n,n,n,n,n,n
de Supermarkt,52.3758,4.87366,https://www.coffeeshopmenus.org/cs-supermarkt.html,cs-supermarkt,de_supermarkt.png,n,,y,n,n,n,n,n,n,n,n,n,n
DNA,52.34495,4.86444,https://www.coffeeshopmenus.org/cs-dna.html,cs-dna,dna.png,y,3,y,n,n,n,n,n,n,n,n,n,n
Dolphins,52.3656,4.88518,https://www.coffeeshopmenus.org/cs-dolphins.html,cs-dolphins,dolphins.png,n,,y,n,n,n,n,n,n,n,n,n,n
Eastwood,52.36518,4.92802,https://www.coffeeshopmenus.org/cs-eastwood.html,cs-eastwood,eastwood.png,n,,y,n,n,n,n,n,n,n,n,n,n
Easy Times,52.36434,4.88517,https://www.coffeeshopmenus.org/cs-easy-times.html,cs-easy-times,easy_times.png,n,,y,n,n,n,n,n,n,n,n,n,n
Easy Times 2,52.36651,4.89022,https://www.coffeeshopmenus.org/cs-easytimes2.html,cs-easytimes2,easy_times_2.png,n,,y,n,n,n,n,n,n,n,n,n,n
El Marssa,52.36903,4.85918,https://www.coffeeshopmenus.org/cs-marssa.html,cs-marssa,el_marssa.png,n,,y,n,n,n,n,n,n,n,n,n,n
Family First,52.36701,4.89528,https://www.coffeeshopmenus.org/cs-family-first.html,cs-family-first,family_first.png,y,3,y,n,n,n,n,n,n,n,n,n,n
Flower Power,52.37277,4.87857,https://www.coffeeshopmenus.org/cs-flower-power.html,cs-flower-power,flower_power.png,n,,y,n,n,n,n,n,n,n,n,n,n
Free I,52.36601881,4.893461683,https://www.coffeeshopmenus.org/cs-free-i.html,cs-free-i,free_i.png,n,,y,n,n,n,n,n,n,n,n,n,n
Freedom,52.38261,4.87117,https://www.coffeeshopmenus.org/cs-freedom.html,cs-freedom,freedom.png,n,,y,n,n,n,n,n,n,n,n,n,n
Funny People,52.40194,4.8984,https://www.coffeeshopmenus.org/cs-funnypeople2.html,cs-funnypeople2,funny_people_2.png,n,,y,n,n,n,n,n,n,n,n,n,n
Get Down,52.36394,4.88371,https://www.coffeeshopmenus.org/cs-get-down.html,cs-get-down,get_down_to_it.png,y,4,y,n,n,n,n,n,n,n,n,n,n
Goa,52.37122,4.89865,https://www.coffeeshopmenus.org/cs-goa.html,cs-goa,goa.png,y,4,y,n,n,n,n,n,n,n,n,n,n
Green Place,52.37206,4.89941,https://www.coffeeshopmenus.org/cs-green-place.html,cs-green-place,green_place.png,y,3,y,n,n,n,n,n,n,n,n,n,n
Green Place 2,52.37938,4.89399,https://www.coffeeshopmenus.org/cs-green-place-2.html,cs-green-place-2,green_place_2.png,n,,y,n,n,n,n,n,n,n,n,n,n
Greenhouse Centrum,52.37152,4.89569,https://www.coffeeshopmenus.org/cs-greenhouse-centrum.html,cs-greenhouse-centrum,greenhouse_centrum.png,y,4,y,n,n,n,n,n,n,n,n,n,n
Greenhouse Effect,52.3728,4.9,https://www.coffeeshopmenus.org/cs-greenhouse-effect-1.html,cs-greenhouse-effect-1,greenhouse_effect.png,n,,y,n,n,n,n,n,n,n,n,n,n
Greenhouse Namaste,52.36673,4.90222,https://www.coffeeshopmenus.org/cs-greenhouse-namaste.html,cs-greenhouse-namaste,greenhouse_namaste.png,n,,y,n,n,n,n,n,n,n,n,n,n
Grey Area,52.3746,4.88887,https://www.coffeeshopmenus.org/cs-grey-area.html,cs-grey-area,GreyAreaNew.png,y,4,y,n,n,n,n,n,n,n,n,n,n
Happy Days,52.34659564,4.911316878,https://www.coffeeshopmenus.org/cs-happy-days-ams.html,cs-happy-days-ams,happy_days.png,n,,y,n,n,n,n,n,n,n,n,n,n
Happy Feelings,52.3652,4.88581,https://www.coffeeshopmenus.org/cs-happy-feelings.html,cs-happy-feelings,happy_feelings.png,n,,y,n,n,n,n,n,n,n,n,n,n
Happy People,52.36526,4.92588,https://www.coffeeshopmenus.org/cs-happy-people.html,cs-happy-people,happy_people.png,n,,y,n,n,n,n,n,n,n,n,n,n
Hashtag,52.36392,4.89611,https://www.coffeeshopmenus.org/cs-hashtag.html,cs-hashtag,hashtag.png,y,3,y,n,n,n,n,n,n,n,n,n,n
Het Ballonnetje,52.36346,4.91067,https://www.coffeeshopmenus.org/cs-ballonnetje.html,cs-ballonnetje,het_ballonnetje.png,n,,y,n,n,n,n,n,n,n,n,n,n
het Geldese,52.37493,4.90135,https://www.coffeeshopmenus.org/cs-gelderse.html,cs-gelderse,het_gelderse.png,n,,y,n,n,n,n,n,n,n,n,n,n
Hunter's Downtown,52.36549,4.89767,https://www.coffeeshopmenus.org/cs-huntersdowntown.html,cs-huntersdowntown,hunters_downtown.png,y,4,y,n,n,n,n,n,n,n,n,n,n
Hunter's North - Papaverweg,52.39348794,4.912818423,https://www.coffeeshopmenus.org/cs-huntersnorthpapaverweg.html,cs-huntersnorthpapaverweg,hunters_north_papaverweg.png,n,,y,n,n,n,n,n,n,n,n,n,n
Hunter's North - Waterlandplein,52.39224823,4.956230183,https://www.coffeeshopmenus.org/cs-huntersnorthwaterlandplein.html,cs-huntersnorthwaterlandplein,hunters_north_waterlandplein.png,n,,y,n,n,n,n,n,n,n,n,n,n
Hunter's West,52.37000103,4.849081757,https://www.coffeeshopmenus.org/cs-hunters-mercator.html,cs-hunters-mercator,hunters_west.png,n,,y,n,n,n,n,n,n,n,n,n,n
Ibiza,52.35738,4.90208,https://www.coffeeshopmenus.org/cs-ibiza.html,cs-ibiza,ibiza.png,n,,y,n,n,n,n,n,n,n,n,n,n
Johnny,52.36995839,4.882074989,https://www.coffeeshopmenus.org/cs-johnny.html,cs-johnny,johnny.png,n,,y,n,n,n,n,n,n,n,n,n,n
Jolly Joker,52.37303,4.90021,https://www.coffeeshopmenus.org/cs-jolly-joker.html,cs-jolly-joker,jolly_joker.png,n,,y,n,n,n,n,n,n,n,n,n,n
Jollygood,52.37188,4.87907,https://www.coffeeshopmenus.org/cs-jollygood.html,cs-jollygood,Jollygood.png,n,,y,n,n,n,n,n,n,n,n,n,n
Juice Bar de Watersnip,52.37713679,4.816272572,https://www.coffeeshopmenus.org/cs-watersnip.html,cs-watersnip,juice_bar_de_watersnip.png,n,,y,n,n,n,n,n,n,n,n,n,n
Kadinski,52.37038,4.88942,https://www.coffeeshopmenus.org/cs-kadinsky.html,cs-kadinsky,kadinsky.png,y,3,y,n,n,n,n,n,n,n,n,n,n
Kadinski 2,52.37422,4.89347,https://www.coffeeshopmenus.org/cs-kadinsky2.html,cs-kadinsky2,kadinsky_2.png,y,4,y,n,n,n,n,n,n,n,n,n,n
Kadinski 3,52.36932,4.893,https://www.coffeeshopmenus.org/cs-kadinsky3.html,cs-kadinsky3,kadinsky_3.png,n,,y,n,n,n,n,n,n,n,n,n,n
Kashmir,52.36408,4.86301,https://www.coffeeshopmenus.org/cs-kashmir-coffeeshop.html,cs-kashmir-coffeeshop,kashmir_coffeeshop.png,y,2,y,n,n,n,n,n,n,n,n,n,n
Katsu,52.35491,4.89339,https://www.coffeeshopmenus.org/cs-katsu.html,cs-katsu,katsu.png,n,,y,n,n,n,n,n,n,n,n,n,n
La Tertulia,52.36953,4.88237,https://www.coffeeshopmenus.org/cs-tertulia.html,cs-tertulia,la_tertulia.png,n,,y,n,n,n,n,n,n,n,n,n,n
Loft,52.37273477,4.8494308,https://www.coffeeshopmenus.org/cs-loft.html,cs-loft,loft.png,n,,y,n,n,n,n,n,n,n,n,n,n
Massawa,52.36754915,4.861899338,https://www.coffeeshopmenus.org/cs-massawa.html,cs-massawa,massawa.png,n,,y,n,n,n,n,n,n,n,n,n,n
Mediterrane,52.37556,4.89167,https://www.coffeeshopmenus.org/cs-mediterrane.html,cs-mediterrane,mediterrane_drewissharing.png,y,4,y,n,n,n,n,n,n,n,n,n,n
Millennium,52.36754,4.86405,https://www.coffeeshopmenus.org/cs-millennium.html,cs-millennium,millennium.png,n,,y,n,n,n,n,n,n,n,n,n,n
Nachtegaal,52.354,4.9194,https://www.coffeeshopmenus.org/cs-nachtegaal.html,cs-nachtegaal,nachtegaal.png,n,,y,n,n,n,n,n,n,n,n,n,n
New Amsterdam,52.36698,4.85282,https://www.coffeeshopmenus.org/cs-new-amsterdam.html,cs-new-amsterdam,new_amsterdam.png,n,,y,n,n,n,n,n,n,n,n,n,n
New Times,52.37056,4.88913,https://www.coffeeshopmenus.org/cs-new-times.html,cs-new-times,new_times.png,y,2,y,n,n,n,n,n,n,n,n,n,n
New Times 2,52.36622843,4.89937125,https://www.coffeeshopmenus.org/cs-newtimes2.html,cs-newtimes2,new_times_2.png,n,,y,n,n,n,n,n,n,n,n,n,n
Nice Place,52.35341,4.89966,https://www.coffeeshopmenus.org/cs-nice-place.html,cs-nice-place,nice_place.png,n,,y,n,n,n,n,n,n,n,n,n,n
NinetySix,52.36357,4.8633,https://www.coffeeshopmenus.org/cs-96.html,cs-96,96.png,n,,y,n,n,n,n,n,n,n,n,n,n
Noord,52.38366,4.91253,https://www.coffeeshopmenus.org/cs-noord.html,cs-noord,noon.png,n,,y,n,n,n,n,n,n,n,n,n,n
Oost,52.35637,4.91633,https://www.coffeeshopmenus.org/cs-oost.html,cs-oost,coffeeshop_oost.png,n,,y,n,n,n,n,n,n,n,n,n,n
Pacific,52.35309,4.88472,https://www.coffeeshopmenus.org/cs-pacific.html,cs-pacific,pacific.png,n,,y,n,n,n,n,n,n,n,n,n,n
Papillon,52.3517,4.89459,https://www.coffeeshopmenus.org/cs-papillon-ams.html,cs-papillon-ams,papillon.png,n,,y,n,n,n,n,n,n,n,n,n,n
Paradox,52.37459,4.88126,https://www.coffeeshopmenus.org/cs-paradox.html,cs-paradox,paradox.png,n,,y,n,n,n,n,n,n,n,n,n,n
Popeye,52.37998169,4.892841584,https://www.coffeeshopmenus.org/cs-popeye.html,cs-popeye,popeye.png,n,,y,n,n,n,n,n,n,n,n,n,n
Prix D' Ami,52.37687,4.89725,https://www.coffeeshopmenus.org/cs-prix-d-ami.html,cs-prix-d-ami,prix_dami.png,y,5,y,n,n,n,n,n,n,n,n,n,n
ProGram,52.35612124,4.891036833,https://www.coffeeshopmenus.org/cs-program.html,cs-program,program.png,n,,y,n,n,n,n,n,n,n,n,n,n
Reefer,52.36971,4.90093,https://www.coffeeshopmenus.org/cs-reefer.html,cs-reefer,reefer.png,n,,y,n,n,n,n,n,n,n,n,n,n
Relax,52.38216,4.88714,https://www.coffeeshopmenus.org/cs-relax-ams.html,cs-relax-ams,relax.png,n,,y,n,n,n,n,n,n,n,n,n,n
Relax Zuid,52.34842425,4.90552974,https://www.coffeeshopmenus.org/cs-relaxzuid.html,cs-relaxzuid,relax_zuid.png,n,,y,n,n,n,n,n,n,n,n,n,n
Republiek,52.38218,4.87866,https://www.coffeeshopmenus.org/cs-republiek.html,cs-republiek,republiek.png,n,,y,n,n,n,n,n,n,n,n,n,n
Resin,52.37775345,4.895387373,https://www.coffeeshopmenus.org/cs-resin.html,cs-resin,resin.png,n,,y,n,n,n,n,n,n,n,n,n,n
Rick's,52.37171,4.89538,https://www.coffeeshopmenus.org/cs-ricks-cafe.html,cs-ricks-cafe,ricks_coffeeshop.png,y,1,y,n,n,n,n,n,n,n,n,n,n
Risky Business,52.38101812,4.855386775,https://www.coffeeshopmenus.org/cs-risky-business.html,cs-risky-business,risky_business.png,n,,y,n,n,n,n,n,n,n,n,n,n
Rock-It,52.37284,4.90001,https://www.coffeeshopmenus.org/cs-rock-it.html,cs-rock-it,rock_it.png,n,,y,n,n,n,n,n,n,n,n,n,n
Rockland,52.37338,4.8884,https://www.coffeeshopmenus.org/cs-rockland.html,cs-rockland,rockland.png,n,,y,n,n,n,n,n,n,n,n,n,n
Rookies,52.36293,4.88523,https://www.coffeeshopmenus.org/cs-rookies.html,cs-rookies,rookies.png,n,,y,n,n,n,n,n,n,n,n,n,n
Roots,52.31167937,4.948230583,https://www.coffeeshopmenus.org/cs-roots.html,cs-roots,roots.png,n,,y,n,n,n,n,n,n,n,n,n,n
Roxy,52.35647,4.89556,https://www.coffeeshopmenus.org/cs-roxy.html,cs-roxy,roxy.png,n,,y,n,n,n,n,n,n,n,n,n,n
Ruthless,52.36548,4.85328,https://www.coffeeshopmenus.org/cs-ruthless.html,cs-ruthless,ruthless.png,n,,y,n,n,n,n,n,n,n,n,n,n
Saint,52.36687,4.89499,https://www.coffeeshopmenus.org/cs-saint.html,cs-saint,saint.png,y,3,y,n,n,n,n,n,n,n,n,n,n
Satvia,52.37453,4.89044,https://www.coffeeshopmenus.org/cs-sativa.html,cs-sativa,sativa.png,y,3,y,n,n,n,n,n,n,n,n,n,n
Sensemillia,52.3751,4.8712,https://www.coffeeshopmenus.org/cs-sensemillia1.html,cs-sensemillia1,sensemillia.png,n,,y,n,n,n,n,n,n,n,n,n,n
Sensemillia 2,52.3602182,4.807705019,https://www.coffeeshopmenus.org/cs-sensemillia-2.html,cs-sensemillia-2,sensemillia.png,n,,y,n,n,n,n,n,n,n,n,n,n
Siberie,52.37896,4.89301,https://www.coffeeshopmenus.org/cs-siberie.html,cs-siberie,siberie.png,y,4,y,n,n,n,n,n,n,n,n,n,n
Smokerdam,52.34597452,4.906435057,https://www.coffeeshopmenus.org/cs-smokerdam.html,cs-smokerdam,smokerdam.png,n,,y,n,n,n,n,n,n,n,n,n,n
Smokey,52.36576,4.89636,https://www.coffeeshopmenus.org/cs-smokey-ams.html,cs-smokey-ams,smokey.png,n,,y,n,n,n,n,n,n,n,n,n,n
Solo,52.37193,4.90263,https://www.coffeeshopmenus.org/cs-solo.html,cs-solo,solo.png,n,,y,n,n,n,n,n,n,n,n,n,n
Speakeasy,52.35589,4.90881,https://www.coffeeshopmenus.org/cs-speak-easy-ams-2.html,cs-speak-easy-ams-2,speak_easy.png,n,,y,n,n,n,n,n,n,n,n,n,n
Spirit,52.37822,4.88293,https://www.coffeeshopmenus.org/cs-spirit.html,cs-spirit,spirit.png,n,,y,n,n,n,n,n,n,n,n,n,n
Stones,52.35369,4.8871,https://www.coffeeshopmenus.org/cs-stones.html,cs-stones,stones.png,n,,y,n,n,n,n,n,n,n,n,n,n
Strain Hunters,52.36878,4.88818,https://www.coffeeshopmenus.org/cs-greenhouse-strain-hunters.html,cs-greenhouse-strain-hunters,greenhouse_strain_hunters.png,n,,y,n,n,n,n,n,n,n,n,n,n
Super Skunk,52.36429,4.8852,https://www.coffeeshopmenus.org/cs-superskunk-2.html,cs-superskunk-2,superskunk.png,y,2,y,n,n,n,n,n,n,n,n,n,n
SuperFly,52.35122,4.90356,https://www.coffeeshopmenus.org/cs-super-fly.html,cs-super-fly,superfly.png,n,,y,n,n,n,n,n,n,n,n,n,n
t Keteltje,52.37959,4.87973,https://www.coffeeshopmenus.org/cs-keteltje.html,cs-keteltje,t_keteltje.png,n,,y,n,n,n,n,n,n,n,n,n,n
Terminator,52.37254614,4.859357487,https://www.coffeeshopmenus.org/cs-terminator.html,cs-terminator,terminator.png,n,,y,n,n,n,n,n,n,n,n,n,n
Terps Army,52.37534,4.89358,https://www.coffeeshopmenus.org/cs-terps-army.html,cs-terps-army,terps_army.png,y,4,y,n,n,n,n,n,n,n,n,n,n
Terps Army 2,52.3618,4.88626,https://www.coffeeshopmenus.org/cs-terps-army-2.html,cs-terps-army-2,terps_army_2.png,y,5,y,n,n,n,n,n,n,n,n,n,n
Tha Dogg House,52.37277,4.87605,https://www.coffeeshopmenus.org/cs-dogghouse.html,cs-dogghouse,tha_dogg_house.png,n,,y,n,n,n,n,n,n,n,n,n,n
The Border,52.32194956,4.85707335,https://www.coffeeshopmenus.org/cs-border.html,cs-border,the_border.png,n,,y,n,n,n,n,n,n,n,n,n,n
The Bushdoctor,52.36507,4.89569,https://www.coffeeshopmenus.org/cs-bushdocter.html,cs-bushdocter,bushdocter.png,n,,y,n,n,n,n,n,n,n,n,n,n
The Corner Coffeeshop,52.39186,4.87782,https://www.coffeeshopmenus.org/cs-corner.html,cs-corner,the_corner.png,n,,y,n,n,n,n,n,n,n,n,n,n
The Hit,52.37008,4.89633,https://www.coffeeshopmenus.org/cs-hit2.html,cs-hit2,the_hit.png,y,5,y,n,n,n,n,n,n,n,n,n,n
The Old Church,52.36704,4.89417,https://www.coffeeshopmenus.org/cs-old-church-2.html,cs-old-church-2,old_church_2.png,y,4,y,n,n,n,n,n,n,n,n,n,n
The Otherside,52.36684,4.88931,https://www.coffeeshopmenus.org/cs-otherside.html,cs-otherside,the_otherside.png,y,1,y,n,n,n,n,n,n,n,n,n,n
The Plug Store,52.37902,4.89386,https://www.coffeeshopmenus.org/cs-plugstore.html,cs-plugstore,Plug.png,n,,y,n,n,n,n,n,n,n,n,n,n
The Plug Utopia,52.37508,4.89169,https://www.coffeeshopmenus.org/cs-plug-utopia.html,cs-plug-utopia,Plug.png,n,,y,n,n,n,n,n,n,n,n,n,n
The Plug West,52.37401,4.87251,https://www.coffeeshopmenus.org/cs-plug-west.html,cs-plug-west,Plug.png,n,,y,n,n,n,n,n,n,n,n,n,n
The Stud,52.35873,4.94089,https://www.coffeeshopmenus.org/cs-stud.html,cs-stud,stud.png,y,5,y,n,n,n,n,n,n,n,n,n,n
Trefpunt,52.36607,4.92987,https://www.coffeeshopmenus.org/cs-trefpunt-ams.html,cs-trefpunt-ams,trefpunt.png,n,,y,n,n,n,n,n,n,n,n,n,n
Tweede Kamer,52.36883,4.88841,https://www.coffeeshopmenus.org/cs-tweede-kamer.html,cs-tweede-kamer,tweede_kamer.png,n,,y,n,n,n,n,n,n,n,n,n,n
Tyson 2.0,52.37149,4.88936,https://www.coffeeshopmenus.org/cs-tyson.html,cs-tyson,tyson_2_0.png,n,,y,n,n,n,n,n,n,n,n,n,n
Vondel,52.35874,4.85934,https://www.coffeeshopmenus.org/cs-vondel.html,cs-vondel,vondel.png,y,4,y,n,n,n,n,n,n,n,n,n,n
Voyagers,52.37646,4.9021,https://www.coffeeshopmenus.org/cs-voyagers.html,cs-voyagers,voyagers.png,n,,y,n,n,n,n,n,n,n,n,n,n
Warda 1&2,52.35289,4.90289,https://www.coffeeshopmenus.org/cs-warda-1.html,cs-warda-1,warda_1_and_2.png,n,,y,n,n,n,n,n,n,n,n,n,n
Yin Yang,52.39055965,4.878003266,https://www.coffeeshopmenus.org/cs-yin-yang.html,cs-yin-yang,yin_yang.png,n,,y,n,n,n,n,n,n,n,n,n,n
Yo-yo,52.35633,4.90309,https://www.coffeeshopmenus.org/cs-yo-yo.html,cs-yo-yo,yo_yo.png,n,,y,n,n,n,n,n,n,n,n,n,n
De Pijp,52.35402987,4.896042268,https://www.iamsterdam.com/en/explore/neighbourhoods/de-pijp,,,n,,n,n,n,n,n,n,n,n,n,y,n
Jordaan,52.37631374,4.880729455,https://en.wikipedia.org/wiki/Jordaan,,,n,,n,n,n,n,n,n,n,n,n,y,n
Centrum / Dam Square,52.3730541,4.892461663,https://en.wikipedia.org/wiki/Dam_Square,,,n,,n,n,n,n,n,n,n,n,n,y,n
De Wallen,52.37324772,4.898758378,https://en.wikipedia.org/wiki/De_Wallen,,,n,,n,n,n,n,n,n,n,n,n,y,n
Nieuwmarkt,52.37256685,4.900272193,https://en.wikipedia.org/wiki/Nieuwmarkt,,,n,,n,n,n,n,n,n,n,n,n,y,n
Leidseplein,52.36428289,4.883118244,https://en.wikipedia.org/wiki/Leidseplein,,,n,,n,n,n,n,n,n,n,n,n,y,n
Museumplein,52.35765879,4.88236377,https://en.wikipedia.org/wiki/Museumplein,,,n,,n,n,n,n,n,n,n,n,n,y,n
Oud-West,52.3660538,4.868941126,https://en.wikipedia.org/wiki/Amsterdam_Oud-West,,,n,,n,n,n,n,n,n,n,n,n,y,n
Amsterdam Noord,52.38476001,4.903960049,https://en.wikipedia.org/wiki/Amsterdam-Noord,,,n,,n,n,n,n,n,n,n,n,n,y,n
Amsterdam Oost,52.35187547,4.93351763,https://en.wikipedia.org/wiki/Amsterdam-Oost,,,n,,n,n,n,n,n,n,n,n,n,y,n
Spui,52.36879839,4.890474255,https://en.wikipedia.org/wiki/Spui_(Amsterdam),,,n,,n,n,n,n,n,n,n,n,n,y,n
Utrechtsestraat,52.36353549,4.898444812,https://nl.wikipedia.org/wiki/Utrechtsestraat_(Amsterdam),,,n,,n,n,n,n,n,n,n,n,n,y,n
Plantage,52.36641487,4.911782581,https://en.wikipedia.org/wiki/Plantage,,,n,,n,n,n,n,n,n,n,n,n,y,n
Haarlemmerbuurt,52.3854865,4.889377608,https://en.wikipedia.org/wiki/Haarlemmerbuurt,,,n,,n,n,n,n,n,n,n,n,n,y,n
Negen Straatjes,52.37032287,4.885653135,https://en.wikipedia.org/wiki/Negen_Straatjes,,,n,,n,n,n,n,n,n,n,n,n,y,n
Sloterdijk,52.3877484,4.854678457,"https://en.wikipedia.org/wiki/Sloterdijk,_Amsterdam",,,n,,n,n,n,n,n,n,n,n,n,y,n
Nemo Science Museam,52.3748262,4.912389435,https://www.nemosciencemuseum.nl,,,n,,n,n,n,n,y,n,n,n,n,n,n
IKEA Red Bike,52.3796533,4.892105941,,,,,,n,n,n,n,n,n,n,n,n,n,y
Queer Garden,52.37736103,4.892177582,,,,,,n,n,n,n,n,n,n,n,n,n,y
Flagship Waffle Experience,52.37538675,4.883379447,https://flagshipamsterdam.com/experiences/the-flagship-waffle-experience/?utm_source=gmb&utm_medium=organic&utm_campaign=flagship-waffle-experience,,,,,n,n,n,n,n,n,n,n,n,n,y
Best Bench in Town,52.3746424,4.880035245,,,,,,n,n,n,n,n,n,n,n,n,n,y
9 Streets,52.37030675,4.885908027,,,,,,n,n,n,n,n,n,n,n,n,n,y
Fault in Our Stars Bench,52.36749834,4.886133643,,,,,,n,n,n,n,n,n,n,n,n,n,y
Rembrandt Monument,52.36601841,4.896562436,,,,,,n,n,n,n,n,n,n,n,n,n,y
The Dancing Houses,52.36705296,4.896922532,,,,,,n,n,n,n,n,n,n,n,n,n,y
Munttoren,52.36707534,4.89330271,,,,,,n,n,n,n,n,n,n,n,n,n,y
Seven Bridges View Point,52.36495499,4.895861861,,,,,,n,n,n,n,n,n,n,n,n,n,y
Seven Houses,52.36146974,4.877399429,,,,,,n,n,n,n,n,n,n,n,n,n,y
Bushuis Bridge,52.37100712,4.898720461,,,,,,n,n,n,n,n,n,n,n,n,n,y
Casa Rosso,52.37259343,4.897915313,,,,,,n,n,n,n,n,n,n,n,n,n,y
Smalste gevel van Amsterdam,52.37829512,4.893698556,,,,,,n,n,n,n,n,n,n,n,n,n,y
Halvemmaansbrug viewpoint dancing,52.36750797,4.895923408,,,,,,n,n,n,n,n,n,n,n,n,n,y
Tony's Chocolonely Super Store,52.37556913,4.896850773,https://nl.tonyschocolonely.com/en/pages/vist-super-store,,,,,n,n,n,n,n,y,n,n,n,n,n