name,lat,lng,website,logo,visited,rating,Coffeeshop,Hotel,Bar,Food,Attraction,Shopping,McDonald's,Albert Heijn
1e Hulp,52.37168,4.87595,https://www.coffeeshopmenus.org/cs-1e-hulp.html,1e_hulp.png,y,,y,n,n,n,n,n,n,n
7th Heven,52.38147,4.88623,https://www.coffeeshopmenus.org/cs-7thheaven.html,7th_heaven.png,n,,y,n,n,n,n,n,n,n
Abraxas,52.37204,4.89125,https://www.coffeeshopmenus.org/cs-abraxas.html,abraxas.png,y,5,y,n,n,n,n,n,n,n
African Blackstar,52.37377,4.88255,https://www.coffeeshopmenus.org/cs-black-star.html,blackstar.png,n,,y,n,n,n,n,n,n,n
Aktama 2,52.36963,4.85235,https://www.coffeeshopmenus.org/cs-aktama2.html,aktama_2.png,n,,y,n,n,n,n,n,n,n
Amnesia,52.37561,4.88902,https://www.coffeeshopmenus.org/cs-amnesia.html,amnesia.png,n,,y,n,n,n,n,n,n,n
Atlas,52.3982,4.94153,https://www.coffeeshopmenus.org/cs-atlas-ams.html,atlas.png,n,,y,n,n,n,n,n,n,n
Babylon,52.37478,4.8965,https://www.coffeeshopmenus.org/cs-babylon.html,babylon.png,n,,y,n,n,n,n,n,n,n
Bagheera,52.37004,4.89747,https://www.coffeeshopmenus.org/cs-bagheera.html,bagheera.png,y,4,y,n,n,n,n,n,n,n
Balboa,52.36684,4.8958,https://www.coffeeshopmenus.org/cs-balboa-family.html,balboa_family.png,n,,y,n,n,n,n,n,n,n
Balou,52.36676,4.89581,https://www.coffeeshopmenus.org/cs-balou.html,balou.png,n,,y,n,n,n,n,n,n,n
Barney's,52.3806,4.89101,https://www.coffeeshopmenus.org/cs-barneys.html,barneys_farm.png,y,4,y,n,n,n,n,n,n,n
Barraka,52.37428,4.8926,https://www.coffeeshopmenus.org/cs-barraka.html,barraka.png,n,,y,n,n,n,n,n,n,n
Bas Joe,52.37,4.89749,https://www.coffeeshopmenus.org/cs-basjoe.html,basjoe.png,y,3,y,n,n,n,n,n,n,n
Best Friends,52.36509,4.93965,https://www.coffeeshopmenus.org/cs-best-friends-oost.html,best_friends_centrum.png,n,,y,n,n,n,n,n,n,n
Bij,52.36211,4.85548,https://www.coffeeshopmenus.org/cs-bij.html,bij.png,n,,y,n,n,n,n,n,n,n
Blue Lagoon,52.36059,4.86628,https://www.coffeeshopmenus.org/cs-blue-lagoon.html,blue_lagoon.png,n,,y,n,n,n,n,n,n,n
Blue Sea,52.35458,4.90157,https://www.coffeeshopmenus.org/cs-blue-sea.html,blue_sea.png,n,,y,n,n,n,n,n,n,n
Bluebird,52.36996,4.90082,https://www.coffeeshopmenus.org/cs-bluebird.html,bluebird.png,n,,y,n,n,n,n,n,n,n
Boerejongens Centrum,52.36488,4.89802,https://www.coffeeshopmenus.org/cs-boerejongens-cent.html,boerejongens_centrum.png,y,3,y,n,n,n,n,n,n,n
Boerejongens West,52.36234,4.85755,https://www.coffeeshopmenus.org/cs-boerejongens-west.html,boerejongens_centrum.png,y,3,y,n,n,n,n,n,n,n
Bronx,52.37911,4.87954,https://www.coffeeshopmenus.org/cs-bronx.html,bronx.png,n,,y,n,n,n,n,n,n,n
Bulldog 90,52.37366,4.89776,https://www.coffeeshopmenus.org/cs-bulldog-no-90.html,bulldog_no_90.png,y,1,y,n,n,n,n,n,n,n
Bulldog Energy,52.3725,4.89634,https://www.coffeeshopmenus.org/cs-bulldog-energy.html,bulldog_energy.png,n,,y,n,n,n,n,n,n,n
Bulldog Palace,52.364,4.88315,https://www.coffeeshopmenus.org/cs-bulldog-palace.html,bulldog_palace.png,n,,y,n,n,n,n,n,n,n
Bulldog Rock Shop,52.37906,4.89393,https://www.coffeeshopmenus.org/cs-bulldog-rockshop.html,bulldog_rockshop.png,n,,y,n,n,n,n,n,n,n
Bullwackie,52.35206132,4.84752243,https://www.coffeeshopmenus.org/cs-bullwackie.html,bullwackie.png,n,,y,n,n,n,n,n,n,n
Carmona,52.35565,4.9011,https://www.coffeeshopmenus.org/cs-carmona.html,carmona.png,n,,y,n,n,n,n,n,n,n
Catch 33,52.38262,4.8799,https://www.coffeeshopmenus.org/cs-catch-33.html,catch_33.png,n,,y,n,n,n,n,n,n,n
Chapiteau,52.38244,4.87305,https://www.coffeeshopmenus.org/cs-chapiteau.html,chapiteau.png,n,,y,n,n,n,n,n,n,n
Cheech & Chong's,52.37126,4.87142,https://www.coffeeshopmenus.org/cs-cheech-chongs-2.html,cheech_and_chongs_2.png,n,,y,n,n,n,n,n,n,n
Club Media,52.35576,4.89193,https://www.coffeeshopmenus.org/cs-media.html,club_media.png,n,,y,n,n,n,n,n,n,n
Cookies,52.38026,4.89213,https://www.coffeeshopmenus.org/cs-greenhouse-cookies.html,greenhouse_cookies.png,n,,y,n,n,n,n,n,n,n
Crash Light,52.35487,4.92227,https://www.coffeeshopmenus.org/cs-crash-light.html,crashlight.png,n,,y,n,n,n,n,n,n,n
Crush,52.36576,4.88006,https://www.coffeeshopmenus.org/cs-crush.html,crush.png,n,,y,n,n,n,n,n,n,n
D&L,52.3572,4.90134,https://www.coffeeshopmenus.org/cs-d-l.html,d_and_l.png,n,,y,n,n,n,n,n,n,n
de Bommel,52.3689,4.85363,https://www.coffeeshopmenus.org/cs-bommel.html,de_bommel.png,n,,y,n,n,n,n,n,n,n
De Dampkring,52.36773,4.89042,https://www.coffeeshopmenus.org/cs-dampkring.html,dampkring.png,n,,y,n,n,n,n,n,n,n
De Kade,52.3434,4.86436,https://www.coffeeshopmenus.org/cs-kade.html,de_kade.png,y,4,y,n,n,n,n,n,n,n
De Kroon,52.37596,4.89596,https://www.coffeeshopmenus.org/cs-kroon.html,de_kroon.png,n,,y,n,n,n,n,n,n,n
de Overkant,52.36737,4.90661,https://www.coffeeshopmenus.org/cs-overkant-hortus.html,de_overkant_hortus.png,n,,y,n,n,n,n,n,n,n
De Prijs,52.35798,4.85409,https://www.coffeeshopmenus.org/cs-prijs.html,de_prijs.png,n,,y,n,n,n,n,n,n,n
de Supermarkt,52.3758,4.87366,https://www.coffeeshopmenus.org/cs-supermarkt.html,de_supermarkt.png,n,,y,n,n,n,n,n,n,n
DNA,52.34495,4.86444,https://www.coffeeshopmenus.org/cs-dna.html,dna.png,y,2,y,n,n,n,n,n,n,n
Dolphins,52.3656,4.88518,https://www.coffeeshopmenus.org/cs-dolphins.html,dolphins.png,n,,y,n,n,n,n,n,n,n
Eastwood,52.36518,4.92802,https://www.coffeeshopmenus.org/cs-eastwood.html,eastwood.png,n,,y,n,n,n,n,n,n,n
Easy Times,52.36434,4.88517,https://www.coffeeshopmenus.org/cs-easy-times.html,easy_times.png,n,,y,n,n,n,n,n,n,n
Easy Times 2,52.36651,4.89022,https://www.coffeeshopmenus.org/cs-easytimes2.html,easy_times_2.png,n,,y,n,n,n,n,n,n,n
El Marssa,52.36903,4.85918,https://www.coffeeshopmenus.org/cs-marssa.html,el_marssa.png,n,,y,n,n,n,n,n,n,n
Family First,52.36701,4.89528,https://www.coffeeshopmenus.org/cs-family-first.html,family_first.png,y,3,y,n,n,n,n,n,n,n
Flower Power,52.37277,4.87857,https://www.coffeeshopmenus.org/cs-flower-power.html,flower_power.png,n,,y,n,n,n,n,n,n,n
Freedom,52.38261,4.87117,https://www.coffeeshopmenus.org/cs-freedom.html,freedom.png,n,,y,n,n,n,n,n,n,n
Funny People,52.40194,4.8984,https://www.coffeeshopmenus.org/cs-funnypeople2.html,funny_people_2.png,n,,y,n,n,n,n,n,n,n
Get Down,52.36394,4.88371,https://www.coffeeshopmenus.org/cs-get-down.html,get_down_to_it.png,y,4,y,n,n,n,n,n,n,n
Goa,52.37122,4.89865,https://www.coffeeshopmenus.org/cs-goa.html,goa.png,n,,y,n,n,n,n,n,n,n
Green Place,52.37206,4.89941,https://www.coffeeshopmenus.org/cs-green-place.html,green_place.png,y,3,y,n,n,n,n,n,n,n
Green Place 2,52.37938,4.89399,https://www.coffeeshopmenus.org/cs-green-place-2.html,green_place_2.png,n,,y,n,n,n,n,n,n,n
Greenhouse Centrum,52.37152,4.89569,https://www.coffeeshopmenus.org/cs-greenhouse-centrum.html,greenhouse_centrum.png,n,,y,n,n,n,n,n,n,n
Greenhouse Effect,52.3728,4.9,https://www.coffeeshopmenus.org/cs-greenhouse-effect-1.html,greenhouse_effect.png,n,,y,n,n,n,n,n,n,n
Greenhouse Namaste,52.36673,4.90222,https://www.coffeeshopmenus.org/cs-greenhouse-namaste.html,greenhouse_namaste.png,n,,y,n,n,n,n,n,n,n
Grey Area,52.3746,4.88887,https://www.coffeeshopmenus.org/cs-grey-area.html,GreyAreaNew.png,y,4,y,n,n,n,n,n,n,n
Happy Feelings,52.3652,4.88581,https://www.coffeeshopmenus.org/cs-happy-feelings.html,happy_feelings.png,n,,y,n,n,n,n,n,n,n
Happy People,52.36526,4.92588,https://www.coffeeshopmenus.org/cs-happy-people.html,happy_people.png,n,,y,n,n,n,n,n,n,n
Hashtag,52.36392,4.89611,https://www.coffeeshopmenus.org/cs-hashtag.html,hashtag.png,n,,y,n,n,n,n,n,n,n
Het Ballonnetje,52.36346,4.91067,https://www.coffeeshopmenus.org/cs-ballonnetje.html,het_ballonnetje.png,n,,y,n,n,n,n,n,n,n
het Geldese,52.37493,4.90135,https://www.coffeeshopmenus.org/cs-gelderse.html,het_gelderse.png,n,,y,n,n,n,n,n,n,n
Hunter's Downtown,52.36549,4.89767,https://www.coffeeshopmenus.org/cs-huntersdowntown.html,hunters_downtown.png,n,,y,n,n,n,n,n,n,n
Ibiza,52.35738,4.90208,https://www.coffeeshopmenus.org/cs-ibiza.html,ibiza.png,n,,y,n,n,n,n,n,n,n
Jolly Joker,52.37303,4.90021,https://www.coffeeshopmenus.org/cs-jolly-joker.html,jolly_joker.png,n,,y,n,n,n,n,n,n,n
Kadinski,52.37038,4.88942,https://www.coffeeshopmenus.org/cs-kadinsky.html,kadinsky.png,y,3,y,n,n,n,n,n,n,n
Kadinski 2,52.37422,4.89347,https://www.coffeeshopmenus.org/cs-kadinsky2.html,kadinsky_2.png,n,,y,n,n,n,n,n,n,n
Kadinski 3,52.36932,4.893,https://www.coffeeshopmenus.org/cs-kadinsky3.html,kadinsky_3.png,n,,y,n,n,n,n,n,n,n
Kashmir,52.36408,4.86301,https://www.coffeeshopmenus.org/cs-kashmir-coffeeshop.html,kashmir_coffeeshop.png,n,,y,n,n,n,n,n,n,n
Katsu,52.35491,4.89339,https://www.coffeeshopmenus.org/cs-katsu.html,katsu.png,n,,y,n,n,n,n,n,n,n
La Tertulia,52.36953,4.88237,https://www.coffeeshopmenus.org/cs-tertulia.html,la_tertulia.png,n,,y,n,n,n,n,n,n,n
Massawa,52.36745,4.8619,https://www.coffeeshopmenus.org/cs-marssa.html,massawa.png,n,,y,n,n,n,n,n,n,n
Mediterrane,52.37556,4.89167,https://www.coffeeshopmenus.org/cs-mediterrane.html,mediterrane_drewissharing.png,n,,y,n,n,n,n,n,n,n
Millennium,52.36754,4.86405,https://www.coffeeshopmenus.org/cs-millennium.html,millennium.png,n,,y,n,n,n,n,n,n,n
Mr. K,52.37188,4.87907,https://www.coffeeshopmenus.org/cs-mr-k.html,mr_ks.png,n,,y,n,n,n,n,n,n,n
Nachtegaal,52.354,4.9194,https://www.coffeeshopmenus.org/cs-nachtegaal.html,nachtegaal.png,n,,y,n,n,n,n,n,n,n
New Amsterdam,52.36698,4.85282,https://www.coffeeshopmenus.org/cs-new-amsterdam.html,new_amsterdam.png,n,,y,n,n,n,n,n,n,n
New Times,52.37056,4.88913,https://www.coffeeshopmenus.org/cs-new-times.html,new_times.png,y,3,y,n,n,n,n,n,n,n
Nice Place,52.35341,4.89966,https://www.coffeeshopmenus.org/cs-nice-place.html,nice_place.png,n,,y,n,n,n,n,n,n,n
NinetySix,52.36357,4.8633,https://www.coffeeshopmenus.org/cs-96.html,96.png,n,,y,n,n,n,n,n,n,n
Noord,52.38366,4.91253,https://www.coffeeshopmenus.org/cs-noord.html,noon.png,n,,y,n,n,n,n,n,n,n
Oost,52.35637,4.91633,https://www.coffeeshopmenus.org/cs-oost.html,coffeeshop_oost.png,n,,y,n,n,n,n,n,n,n
Pacific,52.35309,4.88472,https://www.coffeeshopmenus.org/cs-pacific.html,pacific.png,n,,y,n,n,n,n,n,n,n
Papillon,52.3517,4.89459,https://www.coffeeshopmenus.org/cs-papillon-ams.html,papillon.png,n,,y,n,n,n,n,n,n,n
Paradox,52.37459,4.88126,https://www.coffeeshopmenus.org/cs-paradox.html,paradox.png,n,,y,n,n,n,n,n,n,n
Prix D' Ami,52.37687,4.89725,https://www.coffeeshopmenus.org/cs-prix-d-ami.html,prix_dami.png,n,,y,n,n,n,n,n,n,n
Reefer,52.36971,4.90093,https://www.coffeeshopmenus.org/cs-reefer.html,reefer.png,n,,y,n,n,n,n,n,n,n
Relax,52.38216,4.88714,https://www.coffeeshopmenus.org/cs-relax-ams.html,relax.png,n,,y,n,n,n,n,n,n,n
Republiek,52.38218,4.87866,https://www.coffeeshopmenus.org/cs-republiek.html,republiek.png,n,,y,n,n,n,n,n,n,n
Rick's,52.37171,4.89538,https://www.coffeeshopmenus.org/cs-ricks-cafe.html,ricks_coffeeshop.png,n,,y,n,n,n,n,n,n,n
Rock-It,52.37284,4.90001,https://www.coffeeshopmenus.org/cs-rock-it.html,ricks_coffeeshop.png,n,,y,n,n,n,n,n,n,n
Rockland,52.37338,4.8884,https://www.coffeeshopmenus.org/cs-rockland.html,rockland.png,n,,y,n,n,n,n,n,n,n
Rookies,52.36293,4.88523,https://www.coffeeshopmenus.org/cs-rookies.html,rookies.png,n,,y,n,n,n,n,n,n,n
Roxy,52.35647,4.89556,https://www.coffeeshopmenus.org/cs-roxy.html,rookies.png,n,,y,n,n,n,n,n,n,n
Ruthless,52.36548,4.85328,https://www.coffeeshopmenus.org/cs-ruthless.html,ruthless.png,n,,y,n,n,n,n,n,n,n
Saint,52.36687,4.89499,https://www.coffeeshopmenus.org/cs-saint.html,saint.png,y,3,y,n,n,n,n,n,n,n
Satvia,52.37453,4.89044,https://www.coffeeshopmenus.org/cs-sativa.html,sativa.png,y,3,y,n,n,n,n,n,n,n
Sensemillia,52.3751,4.8712,https://www.coffeeshopmenus.org/cs-sensemillia1.html,sensemillia.png,n,,y,n,n,n,n,n,n,n
Siberie,52.37896,4.89301,https://www.coffeeshopmenus.org/cs-siberie.html,siberie.png,n,,y,n,n,n,n,n,n,n
Smokey,52.36576,4.89636,https://www.coffeeshopmenus.org/cs-smokey-ams.html,smokey.png,n,,y,n,n,n,n,n,n,n
Solo,52.37193,4.90263,https://www.coffeeshopmenus.org/cs-solo.html,solo.png,n,,y,n,n,n,n,n,n,n
Speakeasy,52.35589,4.90881,https://www.coffeeshopmenus.org/cs-speak-easy-ams-2.html,speak_easy.png,n,,y,n,n,n,n,n,n,n
Spirit,52.37822,4.88293,https://www.coffeeshopmenus.org/cs-spirit.html,spirit.png,n,,y,n,n,n,n,n,n,n
Stones,52.35369,4.8871,https://www.coffeeshopmenus.org/cs-stones.html,stones.png,n,,y,n,n,n,n,n,n,n
Strain Hunters,52.36878,4.88818,https://www.coffeeshopmenus.org/cs-greenhouse-strain-hunters.html,greenhouse_strain_hunters.png,n,,y,n,n,n,n,n,n,n
Super Skunk,52.36429,4.8852,https://www.coffeeshopmenus.org/cs-superskunk-2.html,superskunk.png,y,2,y,n,n,n,n,n,n,n
SuperFly,52.35122,4.90356,https://www.coffeeshopmenus.org/cs-super-fly.html,superfly.png,n,,y,n,n,n,n,n,n,n
t Keteltje,52.37959,4.87973,https://www.coffeeshopmenus.org/cs-keteltje.html,t_keteltje.png,n,,y,n,n,n,n,n,n,n
Terps Army,52.37534,4.89358,https://www.coffeeshopmenus.org/cs-terps-army.html,terps_army.png,n,,y,n,n,n,n,n,n,n
Terps Army 2,52.3618,4.88626,https://www.coffeeshopmenus.org/cs-terps-army-2.html,terps_army_2.png,y,5,y,n,n,n,n,n,n,n
Tha Dogg House,52.37277,4.87605,https://www.coffeeshopmenus.org/cs-dogghouse.html,tha_dogg_house.png,n,,y,n,n,n,n,n,n,n
The Bushdoctor,52.36507,4.89569,https://www.coffeeshopmenus.org/cs-bushdocter.html,bushdocter.png,n,,y,n,n,n,n,n,n,n
The Corner Coffeeshop,52.39186,4.87782,https://www.coffeeshopmenus.org/cs-corner.html,the_corner.png,n,,y,n,n,n,n,n,n,n
The Hit,52.37008,4.89633,https://www.coffeeshopmenus.org/cs-hit2.html,the_hit.png,y,5,y,n,n,n,n,n,n,n
The Old Church,52.36704,4.89417,https://www.coffeeshopmenus.org/cs-old-church-2.html,old_church_2.png,y,4,y,n,n,n,n,n,n,n
The Otherside,52.36684,4.88931,https://www.coffeeshopmenus.org/cs-otherside.html,the_otherside.png,y,1,y,n,n,n,n,n,n,n
The Plug Store,52.37902,4.89386,https://www.coffeeshopmenus.org/cs-plugstore.html,Plug.png,n,,y,n,n,n,n,n,n,n
The Plug Utopia,52.37508,4.89169,https://www.coffeeshopmenus.org/cs-plug-utopia.html,Plug.png,n,,y,n,n,n,n,n,n,n
The Plug West,52.37401,4.87251,https://www.coffeeshopmenus.org/cs-plug-west.html,Plug.png,n,,y,n,n,n,n,n,n,n
The Stud,52.35873,4.94089,https://www.coffeeshopmenus.org/cs-stud.html,stud.png,y,5,y,n,n,n,n,n,n,n
Trefpunt,52.36607,4.92987,https://www.coffeeshopmenus.org/cs-trefpunt-ams.html,trefpunt.png,n,,y,n,n,n,n,n,n,n
Tweede Kamer,52.36883,4.88841,https://www.coffeeshopmenus.org/cs-tweede-kamer.html,tweede_kamer.png,n,,y,n,n,n,n,n,n,n
Tyson 2.0,52.37149,4.88936,https://www.coffeeshopmenus.org/cs-tyson.html,tyson_2_0.png,n,,y,n,n,n,n,n,n,n
Vondel,52.35874,4.85934,https://www.coffeeshopmenus.org/cs-vondel.html,vondel.png,y,4,y,n,n,n,n,n,n,n
Voyagers,52.37646,4.9021,https://www.coffeeshopmenus.org/cs-voyagers.html,voyagers.png,n,,y,n,n,n,n,n,n,n
Warda 1&2,52.35289,4.90289,https://www.coffeeshopmenus.org/cs-warda-1.html,warda_1_and_2.png,n,,y,n,n,n,n,n,n,n
Yo-yo,52.35633,4.90309,https://www.coffeeshopmenus.org/cs-yo-yo.html,yo_yo.png,n,,y,n,n,n,n,n,n,n
Bilderberg,52.3513,4.87353,https://www.bilderberg.nl/en/amsterdam/garden-hotel/,,n,,n,y,n,n,n,n,n,n
Davide's Air BnB,52.36808,4.89077,https://www.airbnb.co.uk/rooms/20101951?source_impression_id=p3_1763296336_P3TbbltLHBoImfF2,,n,,n,y,n,n,n,n,n,n
Hotel City Garden,52.3591,4.87638,https://hotelcitygardenamsterdam.com/,,n,,n,y,n,n,n,n,n,n
Hotel La Belle Vue,52.37344,4.88647,http://www.hotel-labellevue.com,,n,,n,y,n,n,n,n,n,n
Barney's Farm,52.38064035,4.891070159,https://www.barneysfarm.co.uk,,n,,n,n,y,n,n,n,n,n
Barney's Uptown,52.38069214,4.890627087,https://www.barneysamsterdam.com,,n,,n,n,y,n,n,n,n,n
Big Shots Bar,52.3745611,4.89697109,https://www.bigshotsamsterdam.com,,n,,n,n,y,n,n,n,n,n
Big Shots Plug,52.37497679,4.892036453,https://www.bigshotsamsterdam.com,,n,,n,n,y,n,n,n,n,n
Café Bar Amsterdam,52.37827741,4.895409716,https://cafebaramsterdam.nl,,n,,n,n,y,n,n,n,n,n
Café Belgique,52.37428027,4.893082809,https://www.cafebelgique.nl,,n,,n,n,y,n,n,n,n,n
Café Havelaar,52.36794583,4.890868023,http://www.cafehavelaar.com,,n,,n,n,y,n,n,n,n,n
Coffeeshopamsterdam Café,52.37913164,4.894014815,https://coffeeshopamsterdamcafe.com,,n,,n,n,y,n,n,n,n,n
Door 74,52.36601,4.89361,https://www.finddoor74.com,,n,,n,n,y,n,n,n,n,n
Downtown,52.36650735,4.890282371,https://www.coffeeshopdirect.com/Downtown.html,,n,,n,n,y,n,n,n,n,n
Drink n Sink,52.37529155,4.898003575,https://drinknsink.com,,n,,n,n,y,n,n,n,n,n
Excalibur,52.37401378,4.899436184,https://www.excaliburcafe.nl,,n,,n,n,y,n,n,n,n,n
Hill Street Blues,52.37541609,4.898231804,https://www.hillstreetblues.com,,n,,n,n,y,n,n,n,n,n
Kashmir Lounge,52.36404,4.86324,https://www.kashmirlounge.com,,n,,n,n,y,n,n,n,n,n
Lost in Amsterdam,52.37848,4.89518,https://lostinamsterdam.com,,n,,n,n,y,n,n,n,n,n
The Black Dog,52.37138971,4.889377163,https://www.theblackdog.nl,,n,,n,n,y,n,n,n,n,n
The Flying Dutchman,52.37781434,4.896311204,https://www.theflyingdutchmanbar.nl/?lang=en,,n,,n,n,y,n,n,n,n,n
The Grasshopper,52.37546614,4.897306758,https://thegrasshopper.com,,n,,n,n,y,n,n,n,n,n
The Old Church Bar,52.37401243,4.897497654,https://www.instagram.com/theoldchurchbaramsterdam/?hl=en,,n,,n,n,y,n,n,n,n,n
The Smoking Bull,52.37501,4.89863,http://www.smokingbull.nl,,n,,n,n,y,n,n,n,n,n
A-Fusion,52.37325,4.90024,https://a-fusion.nl,,n,,n,n,n,y,n,n,n,n
Abraham Kef,52.38694,4.90775,https://www.abrahamkef.nl/pages/tasting-room,,n,,n,n,n,y,n,n,n,n
Albert Cuyp Markt,52.35523,4.89166,https://albertcuyp-markt.amsterdam/?lang=en,,n,,n,n,n,y,n,n,n,n
Bills Burgers,52.35298359,4.85593404,https://billsburger.nl,,n,,n,n,n,y,n,n,n,n
Boeuf,52.35628176,4.888564778,https://www.boeufamsterdam.nl,,n,,n,n,n,y,n,n,n,n
Bonnie,52.35085956,4.856559211,https://www.instagram.com/bonnie.amsterdam/?hl=en,,n,,n,n,n,y,n,n,n,n
Burger Bistro,52.37261,4.89106,https://burgerbistro.nl/?gad_source=6&gad_campaignid=21518129946&gbraid=0AAAAA93zeRJXb6ovEKmz15X1u_38gOt5K&gclid=Cj0KCQjwnJfEBhCzARIsAIMtfKJcewxlANmupbwcuikWSrNh3-f8iDzmBphZUdI0ewTAUrH0gF4cs98aApsmEALw_wcB,,n,,n,n,n,y,n,n,n,n
Café Hegeraad,52.37936,4.88622,https://www.cafehegeraad.eu,,n,,n,n,n,y,n,n,n,n
Cafe Piazza,52.37195,4.89998,https://cafepiazza.nl/reservations/,,n,,n,n,n,y,n,n,n,n
Chun,52.37041,4.88393,https://chun-amsterdam.com,,n,,n,n,n,y,n,n,n,n
Craft Coffee & Pastry,52.35609,4.89351,https://www.craft-amsterdam.nl,,n,,n,n,n,y,n,n,n,n
Croque Madame,52.37392,4.89704,http://croquemadame.nl/,,n,,n,n,n,y,n,n,n,n
De Italiaan,52.36556,4.87637,https://www.deitaliaan.com/?ft-shop=takeaway,,n,,n,n,n,y,n,n,n,n
Delicatessen Koopman,52.36946,4.87987,https://koopmandelicatessen.nl,,n,,n,n,n,y,n,n,n,n
Fabel Friet Nieuwendijk,52.37869,4.89488,https://fabelfriet.nl/?lang=en,,n,,n,n,n,y,n,n,n,n
Fabel Friet Runstraat,52.36887,4.88406,https://fabelfriet.nl/?lang=en,,n,,n,n,n,y,n,n,n,n
Febo 1,52.37790269,4.89586888,https://www.febo.nl,febo.png,n,,n,n,n,y,n,n,n,n
Febo 10,52.37369946,4.892694464,https://www.febo.nl,febo.png,n,,n,n,n,y,n,n,n,n
Febo 2,52.37463055,4.899773878,https://www.febo.nl,febo.png,n,,n,n,n,y,n,n,n,n
Febo 3,52.36473653,4.883781002,https://www.febo.nl,febo.png,n,,n,n,n,y,n,n,n,n
Febo 4,52.37279818,4.878621597,https://www.febo.nl,febo.png,n,,n,n,n,y,n,n,n,n
Febo 5,52.3744528,4.873093723,https://www.febo.nl,febo.png,n,,n,n,n,y,n,n,n,n
Febo 6,52.36624227,4.868307087,https://www.febo.nl,febo.png,n,,n,n,n,y,n,n,n,n
Febo 7,52.35388765,4.890803334,https://www.febo.nl,febo.png,n,,n,n,n,y,n,n,n,n
Febo 8,52.35563065,4.900614188,https://www.febo.nl,febo.png,n,,n,n,n,y,n,n,n,n
Febo 9,52.36642736,4.895215486,https://www.febo.nl,febo.png,n,,n,n,n,y,n,n,n,n
Food Hallen,52.36634,4.86722,https://www.foodhallen.nl/en,,n,,n,n,n,y,n,n,n,n
Freddy Fryday,52.37606823,4.892047379,https://www.freddyfryday.nl,,n,,n,n,n,y,n,n,n,n
Hans Egstorf Bakery,52.37023,4.88898,https://www.hansegstorf.com/nl,,n,,n,n,n,y,n,n,n,n
Lanskroon Bakery,52.36879,4.88813,https://www.lanskroon.nl,,n,,n,n,n,y,n,n,n,n
Le Smash,52.37437343,4.900589502,https://www.le-smash.com,,n,,n,n,n,y,n,n,n,n
Mannekenpis Friet,52.37575,4.89621,https://mannekenpis.nl/en,,n,,n,n,n,y,n,n,n,n
Pat's Poffertjes,52.37468,4.8886,https://www.google.com/search?client=safari&rls=en&q=Pat%27s+Poffertjes&ie=UTF-8&oe=UTF-8,,n,,n,n,n,y,n,n,n,n
Piqniq,52.38033,4.88608,https://piqniq.nl,,n,,n,n,n,y,n,n,n,n
Rose Vanilla,52.3636,4.87463,https://www.roseandvanilla.nl/,,n,,n,n,n,y,n,n,n,n
Rudi's Original Stroopwafels,52.35586,4.89498,https://originalstroopwafels.com,,n,,n,n,n,y,n,n,n,n
San Diego Resturant,52.37086,4.89929,https://sandiego-restaurant.nl/wp-content/uploads/2025/06/san-diego-dinner-2024-PDF_compressed.pdf,,n,,n,n,n,y,n,n,n,n
Stroopperie,52.37586,4.89634,https://www.instagram.com/stroopperie/?hl=en,,n,,n,n,n,y,n,n,n,n
The Big Apple Resturant,52.36661,4.88984,https://thebigapple.nl/en/,,n,,n,n,n,y,n,n,n,n
Van Stapele,52.37197546,4.893250444,https://vanstapele.com/en/home/,,n,,n,n,n,y,n,n,n,n
Van Wonderen Stroopwafels,52.36796,4.89164,https://vanwonderen.co/?srsltid=AfmBOooMqUbjFrjhDYGeIsFVHYPetWoJV4JUXygWsADEP7pqNsy3KPPi,,n,,n,n,n,y,n,n,n,n
Vlaams Friteshuis Vleminckx,52.36788,4.89096,https://vleminckxdesausmeester.nl,,n,,n,n,n,y,n,n,n,n
Winkel 43,52.37906,4.88634,https://winkel43.nl/en/,,n,,n,n,n,y,n,n,n,n
216 Amstel,52.36523,4.90067,https://www.atlasobscura.com/places/amsterdams-house-with-the-blood-stains,,n,,n,n,n,n,y,n,n,n
Anne Frank House,52.37524,4.88384,https://www.annefrank.org/nl/,,n,,n,n,n,n,y,n,n,n
ARTIS Zoo,52.36613,4.91652,https://www.artis.nl/en,,n,,n,n,n,n,y,n,n,n
de Poezenboot,52.3782,4.89305,https://depoezenboot.nl/en,,n,,n,n,n,n,y,n,n,n
Flower Market,52.36671,4.89293,https://www.amsterdam.info/shopping/flowermarket/,,n,,n,n,n,n,y,n,n,n
Glow mini-golf,52.37117,4.91171,https://www.glowminigolf.amsterdam,,n,,n,n,n,n,y,n,n,n
Moco Museum,52.3588,4.88213,https://www.mocomuseum.com/amsterdam/?bg_source=ga&bg_campaign=10280506756&bg_kw=kwd-318545806002-mi--pi--ppi-&bg_source_id=681555419973&gad_source=1&gad_campaignid=10280506756&gbraid=0AAAAADcgcgnmCi6ohH8GOM1COE2N5wdYm&gclid=Cj0KCQiA5uDIBhDAARIsAOxj0CGqSgmPBg5I5-LgapA-qw_gH4X4gp9isfnDTRKDveXD9k1ln6s6nn4aAq8YEALw_wcB,,n,,n,n,n,n,y,n,n,n
Nicolassbasiliek,52.37667,4.90083,"https://en.wikipedia.org/wiki/Basilica_of_Saint_Nicholas,_Amsterdam",,n,,n,n,n,n,y,n,n,n
Nieuwe Kerk,52.37374,4.89097,https://www.nieuwekerk.nl,,n,,n,n,n,n,y,n,n,n
Ons' Lieve Heer op Solder,52.37512,4.89949,https://opsolder.nl/en/museum-our-lord-in-the-attic/,,n,,n,n,n,n,y,n,n,n
Oude Kerk,52.37433,4.89739,https://oudekerk.nl,,n,,n,n,n,n,y,n,n,n
Prinseneiland,52.38573,4.8877,https://amsterdamian.com/see/amsterdam/prinseneiland/,,n,,n,n,n,n,y,n,n,n
Rembrandt's House,52.36946,4.90133,https://www.rembrandthuis.nl/en/,,n,,n,n,n,n,y,n,n,n
Rembrandtplein,52.366,4.89651,https://en.wikipedia.org/wiki/Rembrandtplein,,n,,n,n,n,n,y,n,n,n
Rijksmuseum,52.35972,4.885,https://www.rijksmuseum.nl/en,,n,,n,n,n,n,y,n,n,n
Royal Palace of Amsterdam,52.37317,4.89202,https://www.paleisamsterdam.nl/en/,,n,,n,n,n,n,y,n,n,n
Skinny Bridge,52.36359,4.90237,https://en.wikipedia.org/wiki/Magere_Brug,,n,,n,n,n,n,y,n,n,n
The Begijnhof,52.36942,4.89049,https://www.iamsterdam.com/en/whats-on/calendar/attractions-and-sights/sights/begijnhof,,n,,n,n,n,n,y,n,n,n
Trompettersteeg,52.3737,4.89785,https://www.atlasobscura.com/places/trompettersteeg,,n,,n,n,n,n,y,n,n,n
Van Gogh Museum,52.35809,4.88117,https://www.vangoghmuseum.nl/en,,n,,n,n,n,n,y,n,n,n
Walking Tour,52.37265,4.89362,https://freewalkingtoursamsterdam.com/dark-side-tour/,,n,,n,n,n,n,y,n,n,n
Westerkerk,52.37454,4.88343,https://en.wikipedia.org/wiki/Westerkerk,,n,,n,n,n,n,y,n,n,n
Brouwerij 't IJ,52.36666,4.92652,https://www.brouwerijhetij.nl,,n,,n,n,n,n,y,n ,n,n
Akkerman Fountain Pen Shop,52.36936,4.89322,https://www.pwakkerman.com,,n,,n,n,n,n,n,y,n,n
Café Analog,52.37326,4.88789,https://www.cafe-analog.nl,,n,,n,n,n,n,n,y,n,n
Crafted Stories,52.3794329,4.886567898,https://www.craftedstories.nl/,,,,n,n,n,n,n,y,n,n
de Posthumus Winkel,52.37064,4.89074,https://www.posthumuswinkel.nl,,n,,n,n,n,n,n,y,n,n
Duck Store,52.37007,4.89245,https://amsterdamduckstore.com,,n,,n,n,n,n,n,y,n,n
Duck Store,52.37172,4.89619,https://amsterdamduckstore.com,,n,,n,n,n,n,n,y,n,n
Duck Store (unsure),52.37483,4.88829,https://amsterdamduckstore.com,,n,,n,n,n,n,n,y,n,n
Fansasyshop Chimera,52.37226,4.89472,https://www.fantasyshopchimera.com/?utm_source=google&utm_medium=wix_google_business_profile&utm_campaign=9721331175039072147,,n,,n,n,n,n,n,y,n,n
LikeStationery,52.37793719,4.886738114,https://www.likestationery.com,,,,n,n,n,n,n,y,n,n
Miffy Shop,52.36299,4.88831,https://www.dewinkelvannijntje.nl/en/,,n,,n,n,n,n,n,y,n,n
Misc Store,52.36941,4.8803,https://misc-store.com,,n,,n,n,n,n,n,y,n,n
Moleskine Store,52.37033,4.89148,http://www.moleskine.com/,,n,,n,n,n,n,n,y,n,n
Oudemanhuispoort,52.36924,4.89658,https://www.amsterdamsights.com/shopping/oudemanhuispoort.html,,n,,n,n,n,n,n,y,n,n
The Headshop,52.3709,4.89895,https://www.headshop.nl,,n,,n,n,n,n,n,y,n,n
Van der Heijde Kantoorvakhandel,52.38256248,4.887348612,https://www.vanderheijde.nl,,,,n,n,n,n,n,y,n,n
McDonald's 1,52.37748629,4.896395168,https://www.mcdonalds.com/nl/nl-nl.html,mcdonalds-logo.png,n,,n,n,n,n,n,n,y,n
McDonald's 10,52.36288173,4.927789523,https://www.mcdonalds.com/nl/nl-nl.html,mcdonalds-logo.png,n,,n,n,n,n,n,n,y,n
McDonald's 11,52.34607295,4.920148016,https://www.mcdonalds.com/nl/nl-nl.html,mcdonalds-logo.png,y,5,n,n,n,n,n,n,y,n
McDonald's 12,52.31120115,4.760611939,https://www.mcdonalds.com/nl/nl-nl.html,mcdonalds-logo.png,y,5,n,n,n,n,n,n,y,n
McDonald's 2,52.37690829,4.897633171,https://www.mcdonalds.com/nl/nl-nl.html,mcdonalds-logo.png,n,,n,n,n,n,n,n,y,n
McDonald's 3,52.37377419,4.893792446,https://www.mcdonalds.com/nl/nl-nl.html,mcdonalds-logo.png,n,,n,n,n,n,n,n,y,n
McDonald's 4,52.37400947,4.892786019,https://www.mcdonalds.com/nl/nl-nl.html,mcdonalds-logo.png,y,5,n,n,n,n,n,n,y,n
McDonald's 5,52.37120461,4.892001486,https://www.mcdonalds.com/nl/nl-nl.html,mcdonalds-logo.png,n,,n,n,n,n,n,n,y,n
McDonald's 6,52.36671806,4.893473051,https://www.mcdonalds.com/nl/nl-nl.html,mcdonalds-logo.png,n,,n,n,n,n,n,n,y,n
McDonald's 7,52.36465261,4.883811704,https://www.mcdonalds.com/nl/nl-nl.html,mcdonalds-logo.png,n,,n,n,n,n,n,n,y,n
McDonald's 8,52.3660258,4.866945458,https://www.mcdonalds.com/nl/nl-nl.html,mcdonalds-logo.png,n,,n,n,n,n,n,n,y,n
McDonald's 9,52.3552198,4.889961818,https://www.mcdonalds.com/nl/nl-nl.html,mcdonalds-logo.png,n,,n,n,n,n,n,n,y,n
Albert Heijn 1,52.37831194,4.895396528,https://www.ah.nl,ah.svg,n,,n,n,n,n,n,n,n,y
Albert Heijn 10,52.36265713,4.874607847,https://www.ah.nl,ah.svg,n,,n,n,n,n,n,n,n,y
Albert Heijn 11,52.35713161,4.879516329,https://www.ah.nl,ah.svg,n,,n,n,n,n,n,n,n,y
Albert Heijn 12,52.35966672,4.891527266,https://www.ah.nl,ah.svg,n,,n,n,n,n,n,n,n,y
Albert Heijn 13,52.35767133,4.897097674,https://www.ah.nl,ah.svg,n,,n,n,n,n,n,n,n,y
Albert Heijn 14,52.35579785,4.911118144,https://www.ah.nl,ah.svg,n,,n,n,n,n,n,n,n,y
Albert Heijn 15,52.36219021,4.912416039,https://www.ah.nl,ah.svg,n,,n,n,n,n,n,n,n,y
Albert Heijn 16,52.36667498,4.87043694,https://www.ah.nl,ah.svg,n,,n,n,n,n,n,n,n,y
Albert Heijn 17,52.37088162,4.870589122,https://www.ah.nl,ah.svg,n,,n,n,n,n,n,n,n,y
Albert Heijn 18,52.36988436,4.881713685,https://www.ah.nl,ah.svg,n,,n,n,n,n,n,n,n,y
Albert Heijn 19,52.36873956,4.903383216,https://www.ah.nl,ah.svg,n,,n,n,n,n,n,n,n,y
Albert Heijn 2,52.37602275,4.906666844,https://www.ah.nl,ah.svg,n,,n,n,n,n,n,n,n,y
Albert Heijn 3,52.37393538,4.883935919,https://www.ah.nl,ah.svg,n,,n,n,n,n,n,n,n,y
Albert Heijn 4,52.37285745,4.890589624,https://www.ah.nl,ah.svg,n,,n,n,n,n,n,n,n,y
Albert Heijn 5,52.37266176,4.899896549,https://www.ah.nl,ah.svg,n,,n,n,n,n,n,n,n,y
Albert Heijn 6,52.36989054,4.881701214,https://www.ah.nl,ah.svg,n,,n,n,n,n,n,n,n,y
Albert Heijn 7,52.36699716,4.888991506,https://www.ah.nl,ah.svg,n,,n,n,n,n,n,n,n,y
Albert Heijn 8,52.36670999,4.894343649,https://www.ah.nl,ah.svg,n,,n,n,n,n,n,n,n,y
Albert Heijn 9,52.3634474,4.88199332,https://www.ah.nl,ah.svg,n,,n,n,n,n,n,n,n,y
Vliger,52.36698945,4.895321787,http://www.vliegerpapier.nl/,,n,,n,n,n,n,n,y,n,n
ProGram,52.35612124,4.891036833,https://www.coffeeshopmenus.org/cs-program.html,program.png,n,,y,n,n,n,n,n,n,n
The Greasy Spoon,52.36813533,4.875104677,https://www.instagram.com/stories/the.greasy.spoon/,greasyspoon.jpg,n,,n,n,n,y,n,n,n,n
Central,52.37677344,4.902097395,https://www.coffeeshopmenus.org/cs-central.html,central.png,n,,y,n,n,n,n,n,n,n